rank,domain
947,mercadolibre.com.ar
1125,lanacion.com.ar
1633,promiedos.com.ar
2703,google.com.ar
3633,anses.gob.ar
6028,pagina12.com.ar
6426,mercadopago.com.ar
6673,tn.com.ar
6971,lavoz.com.ar
7001,afip.gob.ar
7241,ole.com.ar
7392,claro.com.ar
7652,losandes.com.ar
7874,espn.com.ar
8139,diariouno.com.ar
8170,correoargentino.com.ar
8625,argentina.gob.ar
8783,solodeportes.com.ar
9140,zonaprop.com.ar
9223,meteored.com.ar
9455,educacion.gob.ar
9533,bplay.bet.ar
9886,tujugada.com.ar
9986,jugandoonline.com.ar
11066,mrse.com.ar
11068,betano.bet.ar
12689,uba.ar
14095,unc.edu.ar
15047,unlp.edu.ar
15911,dexter.com.ar
16507,telecentro.net.ar
18112,lagaceta.com.ar
18324,bancogalicia.com.ar
18453,bna.com.ar
18931,personal.com.ar
19255,bbva.com.ar
19777,ciudad.com.ar
20877,scba.gov.ar
21005,betsson.bet.ar
21038,bancoprovincia.com.ar
21152,buenosaires.gob.ar
21232,adidas.com.ar
22250,cetrogar.com.ar
22264,mercadoshops.com.ar
22460,ruta1000.com.ar
22471,bet365.bet.ar
22665,gba.gov.ar
22729,mendoza.edu.ar
22993,loteriasmundiales.com.ar
23005,seguridadvial.gob.ar
23361,citycenteronline.bet.ar
23382,locanto.com.ar
24028,dns.ar
24065,uncu.edu.ar
25371,unr.edu.ar
25568,smn.gob.ar
25690,blogspot.com.ar
25972,parati.com.ar
27127,unlam.edu.ar
27785,sportsbet.bet.ar
28861,utn.edu.ar
29790,jujuy.edu.ar
30625,riu.edu.ar
31539,iplanisp.com.ar
33107,unl.edu.ar
33612,aerolineas.com.ar
33732,prima.com.ar
33820,telecom.net.ar
34029,fibertel.com.ar
34151,despegar.com.ar
34638,conicet.gov.ar
34694,speedy.com.ar
36641,lacapital.com.ar
37252,arba.gov.ar
38112,unq.edu.ar
38457,gba.gob.ar
38670,cba.gov.ar
42017,mendoza.gov.ar
42908,paparazzi.com.ar
43114,unne.edu.ar
43218,bue.edu.ar
43379,advance.com.ar
43556,mdp.edu.ar
44078,movistar.com.ar
44431,pedidosya.com.ar
44587,santander.com.ar
45036,rionegro.com.ar
45181,bvconline.com.ar
45620,redlink.com.ar
46246,tntsports.com.ar
47240,trilogica.com.ar
48818,cronica.com.ar
48955,galicia.ar
48992,viapais.com.ar
49291,educ.ar
49370,flow.com.ar
50468,uncoma.edu.ar
50542,uner.edu.ar
50714,carrefour.com.ar
50936,tripadvisor.com.ar
51227,nosconecta.com.ar
52196,uca.edu.ar
53959,bcra.gob.ar
54323,pami.org.ar
54352,unicen.edu.ar
54396,jus.gov.ar
55569,santafe.gov.ar
57033,unlu.edu.ar
57534,telam.com.ar
58235,telmex.net.ar
59861,unt.edu.ar
59867,icbc.com.ar
59886,macro.com.ar
60487,digitalsport.com.ar
60583,diariodecuyo.com.ar
61262,agip.gob.ar
61378,easy.com.ar
61452,vertv.net.ar
61524,airedesantafe.com.ar
61556,ridsa.com.ar
62081,bancopatagonia.com.ar
62488,uala.com.ar
63347,ticketek.com.ar
63510,rionegro.gov.ar
63654,pjn.gov.ar
64574,elsol.com.ar
64990,naturacosmeticos.com.ar
65307,visa.com.ar
65563,unju.edu.ar
66857,eltrecetv.com.ar
66881,airbnb.com.ar
67490,unsl.edu.ar
68292,stockcenter.com.ar
68407,elliberal.com.ar
68533,telepase.com.ar
68811,turismocity.com.ar
69198,cinemarkhoyts.com.ar
69553,jumbo.com.ar
70751,mecon.gov.ar
70875,unlpam.edu.ar
70926,allaccess.com.ar
71129,moov.com.ar
71550,opensports.com.ar
71832,supermercadosdia.com.ar
71873,abc.gob.ar
72122,bancociudad.com.ar
72203,coto.com.ar
72229,entrerios.gov.ar
72257,nike.com.ar
72463,bumeran.com.ar
72602,bidcom.com.ar
73079,elterritorio.com.ar
73638,pronto.com.ar
73946,elancasti.com.ar
74195,plataforma10.com.ar
74249,movistararena.com.ar
74708,unsa.edu.ar
74748,austral.edu.ar
74764,supervielle.com.ar
75015,nacionservicios.com.ar
75019,abc.gov.ar
75478,0223.com.ar
76041,mrecic.gov.ar
76236,cotodigital.com.ar
76350,fedpat.com.ar
76546,nuevodiarioweb.com.ar
76691,meliplay.com.ar
76735,ellitoral.com.ar
76753,chaco.gov.ar
76805,bancainternet.com.ar
76930,laarena.com.ar
77039,telpin.com.ar
77070,tuenti.com.ar
77212,centraldepasajes.com.ar
77689,sporting.com.ar
77719,oca.com.ar
77958,chaco.gob.ar
78115,gde.gob.ar
78210,0221.com.ar
78861,primeraedicion.com.ar
78997,adnsur.com.ar
79013,cheeky.com.ar
79419,elcordillerano.com.ar
79752,sodimac.com.ar
79806,sube.gob.ar
79850,dnrpa.gov.ar
79917,quepasasalta.com.ar
80025,rosario.gob.ar
80626,santafe.gob.ar
80952,eldiariodelapampa.com.ar
81083,uvq.edu.ar
81189,transfermarkt.com.ar
81458,eldiariodecarlospaz.com.ar
82016,betwarrior.bet.ar
82219,zonajobs.com.ar
82270,masonline.com.ar
82408,topper.com.ar
82471,remax.com.ar
82548,renaper.gob.ar
82768,autocosmos.com.ar
83118,uflo.edu.ar
83516,cinepolis.com.ar
83668,flashscore.com.ar
83685,autotest.com.ar
83848,accessbanking.com.ar
83920,unahur.edu.ar
84090,agroads.com.ar
84104,provinciacompras.com.ar
84376,maximus.com.ar
84676,loteriasantafe.gov.ar
84922,ulp.edu.ar
85278,boletinoficial.gob.ar
85302,infd.edu.ar
85322,educaciontuc.gov.ar
85551,montagne.com.ar
85624,fullh4rd.com.ar
85721,comarb.gob.ar
85756,gblx.net.ar
85917,justiciacordoba.gob.ar
86284,cajapopular.gov.ar
86369,prune.com.ar
86728,cnrt.gob.ar
87076,busplus.com.ar
87089,casinoclubonline.bet.ar
87091,casinomagiconline.bet.ar
87117,cooponlineweb.com.ar
87180,duxsoftware.com.ar
87192,ecogas.com.ar
87207,estudioone.com.ar
87226,finguru.com.ar
87247,gadnic.com.ar
87341,imed.com.ar
87348,infoleg.gob.ar
87470,misrx.com.ar
87533,ofertero.com.ar
87560,palpitos.bet.ar
87590,pilotsolution.com.ar
87645,rentascordoba.gob.ar
87730,turfpremium.com.ar
87753,vans.com.ar
87761,viacargo.com.ar
88014,arnet.com.ar
88111,mesi.com.ar
88411,neuquen.edu.ar
88556,deruedas.com.ar
88568,portalempleo.gob.ar
89224,diariopopular.com.ar
89378,makro.com.ar
89424,numerosconsuerte.com.ar
89581,justiciajujuy.gov.ar
89726,lu24.com.ar
90476,quini-6-resultados.com.ar
90975,agrofy.com.ar
91098,loteriademisiones.com.ar
91441,essen.com.ar
91472,guazubet.bet.ar
91675,universidad-policial.edu.ar
91676,untrefvirtual.edu.ar
92022,unla.edu.ar
92642,undav.edu.ar
92737,playcet.bet.ar
93545,supercanal.com.ar
93574,telecom.com.ar
93901,cinemacenter.com.ar
94689,gpsbahia.com.ar
95997,tribunales.gov.ar
97100,batimes.com.ar
98281,uncuyo.edu.ar
99567,ford.com.ar
99819,afip.gov.ar
99889,uns.edu.ar
100164,clicavisos.com.ar
101820,motorola.com.ar
102652,riverid.com.ar
102784,datawebhosting.com.ar
103274,tramitesadistancia.gob.ar
103333,unm.edu.ar
103717,seguridadciudad.gob.ar
104608,ver.com.ar
105382,myradioenvivo.ar
106993,unp.edu.ar
107898,racingdealma.com.ar
108995,bocajuniors.com.ar
109363,smsv.com.ar
111013,mincyt.gob.ar
112026,tiba.com.ar
112442,sinectis.com.ar
114267,movistar.net.ar
114502,almundo.com.ar
115708,rappi.com.ar
116589,calcularsueldo.com.ar
118221,tiempoar.com.ar
118964,bancor.com.ar
119089,scielo.org.ar
120079,agea.com.ar
120917,dcarsat.com.ar
120976,cariverplate.com.ar
122591,redstarcasino.com.ar
123320,unsam.edu.ar
123898,interbanking.com.ar
123956,hipotecario.com.ar
124539,eleconomista.com.ar
127506,puntobiz.com.ar
127619,chubut.gov.ar
128291,dnscheck.com.ar
128707,elgrafico.com.ar
129063,unsj.edu.ar
129352,teatrocolon.org.ar
129440,cba24n.com.ar
129651,elchubut.com.ar
129914,hospitalitaliano.org.ar
130345,cvtci.com.ar
130690,toyota.com.ar
131200,unvm.edu.ar
131292,tsdocs.com.ar
131807,udesa.edu.ar
132240,21.edu.ar
132807,unrc.edu.ar
132872,coopvgg.com.ar
133539,directvnet.com.ar
133775,afa.com.ar
134155,ufasta.edu.ar
134480,eleco.com.ar
134706,unosantafe.com.ar
135073,cvattv.com.ar
135260,secyt.gov.ar
135313,uces.edu.ar
135502,naldo.com.ar
136817,sensa.com.ar
137990,dokkogroup.com.ar
138801,uai.edu.ar
139554,eventbrite.com.ar
139619,nic.ar
139672,clacso.edu.ar
139885,epec.com.ar
140155,nbch.com.ar
140564,sanluis.gov.ar
140742,mininterior.gob.ar
141108,parfumerie.com.ar
141866,swissmedical.com.ar
141902,ucc.edu.ar
141912,santanderrio.com.ar
142094,sopnet.com.ar
143320,biolibre.ar
143507,infocampo.com.ar
144013,express.com.ar
145601,actc.org.ar
145705,juleriaque.com.ar
145727,uade.edu.ar
146080,osde.com.ar
146610,untref.edu.ar
147577,ungs.edu.ar
147712,minseg.gob.ar
148341,palermo.com.ar
148850,modo.com.ar
149190,unam.edu.ar
149342,aysa.com.ar
149716,lamoto.com.ar
150190,claropay.com.ar
150350,upateco.edu.ar
150376,unnoba.edu.ar
151124,coppel.com.ar
151266,www.com.ar
151962,boleteriavip.com.ar
153264,laquinieladetucuman.com.ar
153378,telecentro.com.ar
153643,sitioandino.com.ar
154056,letrap.com.ar
154471,playdigital.com.ar
155392,sancristobal.com.ar
155535,atrapalo.com.ar
155625,tripstore.com.ar
155854,megacable.com.ar
156133,climasurgba.com.ar
156136,ahba.com.ar
156305,tiemposur.com.ar
158136,buenosaires.edu.ar
158352,naturgynoa.com.ar
158656,cencosud.com.ar
158981,sanluisctv.com.ar
159044,telecentro-reversos.com.ar
159112,unlar.edu.ar
159798,onlinenow.com.ar
159957,camuzzigas.com.ar
161300,laopinionaustral.com.ar
161340,flacso.org.ar
161346,cmtv.com.ar
162366,glassdoor.com.ar
162694,betfun.bet.ar
162838,smandes.com.ar
163095,vwfs.com.ar
163304,indy.com.ar
163359,disco.com.ar
163571,powervt.com.ar
163593,puntal.com.ar
164117,vea.com.ar
164396,twko.com.ar
164476,una.edu.ar
164658,chevrolet.com.ar
165060,el-libro.org.ar
165138,silicanetworks.net.ar
165552,unpaz.edu.ar
166900,ign.gob.ar
167124,tiendabna.com.ar
169127,simplicity.com.ar
169326,americatv.com.ar
169638,renault.com.ar
169921,coopenet.com.ar
170031,eldiariocba.com.ar
171343,analisisdigital.com.ar
171485,directv.com.ar
171734,rdns.ar
172723,galiciamas.com.ar
172990,newbalance.com.ar
174437,hotsale.com.ar
174693,credicuotas.com.ar
175246,shell.com.ar
175470,radioconvos.com.ar
175635,underarmour.com.ar
175654,cps.com.ar
175795,briganti.com.ar
176119,ahora.com.ar
176163,distritomoda.com.ar
176197,edesur.com.ar
176636,metrogas.com.ar
176721,buscapalabras.com.ar
176940,noticiasnet.com.ar
177004,buscalibre.com.ar
177158,wilnet.com.ar
177500,bancosantafe.com.ar
177535,diarioelnorte.com.ar
177551,larazondechivilcoy.com.ar
177666,eldiarionuevodia.com.ar
177741,jujuy.gob.ar
177923,sancorseguros.com.ar
178473,trivago.com.ar
179459,flechabus.com.ar
179599,unaj.edu.ar
180810,sportline.com.ar
180919,arredo.com.ar
181681,radiodos.com.ar
182385,lavozdelpueblo.com.ar
183566,senasa.gov.ar
183761,netminds.com.ar
184065,tvpublica.com.ar
184687,saij.gob.ar
185094,unipe.edu.ar
185143,sssalud.gob.ar
186299,colsecor.com.ar
186700,unca.edu.ar
186714,urbano.com.ar
187024,rapsodia.com.ar
187037,personalpay.com.ar
187705,adelantos.com.ar
187714,aguascordobesas.com.ar
187730,alprestamo.ar
187763,bancoroela.com.ar
187822,cencopay.ar
187853,comprar.gob.ar
187863,creditoargentino.com.ar
188167,mercantilandina.com.ar
188182,mimo.com.ar
188205,multiplex.com.ar
188275,ospesalud.com.ar
188339,psa.com.ar
188386,srt.gob.ar
188428,triunfonet.com.ar
188451,unionpersonal.com.ar
189300,centraloeste.com.ar
189332,pardo.com.ar
189493,cepanet.com.ar
189540,diariosanrafael.com.ar
190360,omint.com.ar
190485,soloascenso.com.ar
190605,jusmisiones.gov.ar
190624,criba.edu.ar
191050,apkmagic.com.ar
191203,mexx.com.ar
191314,casinobuenosairesonline.bet.ar
191320,hardgamers.com.ar
191411,micarrefour.com.ar
191655,perfumeriaspigmento.com.ar
191995,osecac.org.ar
192144,campeones.com.ar
192604,casinobuenosaires.com.ar
193586,bpba.com.ar
193750,enlineanoticias.com.ar
194381,unse.edu.ar
194564,gesatel.com.ar
194708,vick.com.ar
195033,gangahome.com.ar
195131,venex.com.ar
195558,empretienda.com.ar
196239,educ.gov.ar
196247,delsud.com.ar
196352,msm.gov.ar
196589,iparatodos.com.ar
196613,ahoramardelplata.com.ar
196751,infogremiales.com.ar
197199,ignacioonline.com.ar
197268,campusvirtualunr.edu.ar
197282,masterconsultas.com.ar
197368,dolarito.ar
197508,macowens.com.ar
198091,yell.com.ar
198111,mendozatoday.com.ar
198173,firstdata.com.ar
198236,econoblog.com.ar
198256,inpres.gob.ar
198265,mec.gob.ar
198396,carone.com.ar
198614,globalgate.com.ar
199333,diariojunio.com.ar
199817,buenosaires.gov.ar
200453,omnilineas.com.ar
200889,casinosdellitoral.bet.ar
201088,jus.gob.ar
201486,accordsalud.com.ar
201609,corrientes.gob.ar
201622,delrio.bet.ar
201657,energiademisiones.com.ar
201680,freemeteo.com.ar
201751,ikiwi.net.ar
201830,mardelplata.gob.ar
201849,modatex.com.ar
201938,planrombo.com.ar
201989,saludcorrientes.gob.ar
202110,vital.com.ar
202134,xhendra.ar
202256,ypf.com.ar
202382,starbucks.com.ar
202955,tikitakabv.com.ar
203471,triestina.com.ar
204079,expedia.com.ar
204119,yaguar.com.ar
204472,arbell.com.ar
205122,provinciart.com.ar
205135,semananacion.com.ar
205155,tributariomuni.gob.ar
205888,ater.gob.ar
206047,tiendalaserenisima.com.ar
206700,malba.org.ar
207445,cablevisionfibertel.com.ar
208046,bcra.gov.ar
208146,cotel.com.ar
208287,fiberway.com.ar
208671,mcdonalds.com.ar
209170,msal.gov.ar
209731,neuquen.gov.ar
209889,juscorrientes.gov.ar
210889,uno.edu.ar
210907,docer.ar
210969,divergana.bet.ar
211297,redcrs.com.ar
211856,enbocadetodoshd.com.ar
211909,mitula.com.ar
212088,registrocivilsalta.gob.ar
212109,tpp.com.ar
212161,novogar.com.ar
212182,wineem.com.ar
212787,unso.edu.ar
213831,dobleamarilla.com.ar
214403,cgeonline.com.ar
214426,insusep.edu.ar
214461,tarjetasucredito.com.ar
214594,nav.com.ar
214800,copetel.net.ar
214807,nodosud.com.ar
214925,isep-cba.edu.ar
215298,bagues.com.ar
215445,accesogym.com.ar
215567,aromatizarmayorista.com.ar
215628,badesdeadentro.gob.ar
215787,campusnube.com.ar
215802,catamarcaya.com.ar
216014,doubletick.com.ar
216071,efecton.com.ar
216078,ejesa.com.ar
216166,ferrovias.com.ar
216308,gored.com.ar
216409,ias.gob.ar
216468,inmobusqueda.com.ar
216477,institutobecario.gov.ar
216484,ipage.ar
216504,iusm.edu.ar
216512,jaguarshoes.com.ar
216619,kilometrounoaereos.com.ar
216620,kilometrounoviajes.com.ar
217089,openmedica.ar
217343,rentastucuman.gov.ar
217384,rpba.gob.ar
217415,saem.com.ar
217715,tarjetasol.com.ar
217876,unpilar.edu.ar
217906,ventafe.com.ar
220809,fibercorp.com.ar
221761,dafiti.com.ar
222094,ucasal.edu.ar
222165,ucalp.edu.ar
222740,mshquil.com.ar
222997,clacso.org.ar
223967,fullsearch.com.ar
224616,ciudaddecorrientes.gov.ar
225046,nvio.ar
225071,internetsuarez.com.ar
225610,digired.com.ar
226887,newsport.com.ar
227378,adc.net.ar
228761,radionacional.com.ar
228897,usal.edu.ar
229460,perozzi.com.ar
229907,uccuyo.edu.ar
231705,siu.edu.ar
231889,itc.com.ar
232665,loteriadecordoba.com.ar
233631,mendoza-conicet.gov.ar
234010,ucse.edu.ar
234098,arsesco.com.ar
234103,laplata-conicet.gov.ar
236150,ecom.com.ar
237103,santafe.edu.ar
238427,yasminnira.com.ar
238985,kellerhoff.com.ar
238989,planovalo.com.ar
239896,ub.edu.ar
240320,cpesr.com.ar
240545,fiscalias.gob.ar
241659,provincianet.com.ar
242420,me.gov.ar
243127,inmoup.com.ar
243137,laangosturadigital.com.ar
243193,rodo.com.ar
243223,tucuapuestas.bet.ar
243751,profile.com.ar
244532,vncl.com.ar
244678,ubp.edu.ar
245127,cablenet.net.ar
247759,laprensa.com.ar
247872,chita.ar
248893,telered.com.ar
248978,pagofacil.com.ar
249051,doer.ar
249534,tppngn.com.ar
249937,cablevideo.com.ar
253175,cgmi.com.ar
255092,is.net.ar
257034,utnfravirtual.org.ar
257045,alicante.com.ar
259660,um.edu.ar
260180,upso.edu.ar
260662,umaza.edu.ar
261163,aca.org.ar
261412,03442.com.ar
261681,cajasocialsde.gob.ar
261731,colfarmaonline.org.ar
261782,dgrsj.gob.ar
261836,elebar.com.ar
262029,humavirtual-unca.edu.ar
262062,iuriverplate.edu.ar
262279,mdstuc.gob.ar
262473,planessancorsalud.com.ar
262525,quinielasandiego.com.ar
262677,sptucuman.gob.ar
263098,informatesalta.com.ar
263479,millic.com.ar
264864,bn.gov.ar
265692,nestle.com.ar
265727,csjn.gov.ar
265736,pjn.gob.ar
266556,sofse.gob.ar
267333,hostinger.com.ar
267982,kennedy.edu.ar
268637,neonetmusic.com.ar
269296,arlink.net.ar
271523,armada.mil.ar
272169,ctnetonline.com.ar
272353,powersite.com.ar
273634,terra.com.ar
274092,epectelco.com.ar
274437,inta.gob.ar
274826,a4e.ar
276596,misiones.gov.ar
276821,sap.org.ar
276962,telviso.net.ar
277956,interior.gov.ar
278335,diariojornada.com.ar
278374,trcnet.com.ar
278475,lasegunda.com.ar
279992,solunet.com.ar
280084,studbook.org.ar
280945,riotel.com.ar
281536,bcr.com.ar
284341,unrn.edu.ar
285549,cij.gov.ar
287903,continental.com.ar
288159,hidro.gov.ar
288660,produccion.gob.ar
290648,migraciones.gob.ar
290757,nps.com.ar
292198,sjuncal.com.ar
292242,unoentrerios.com.ar
292789,nortech.com.ar
293094,armyred.com.ar
294298,wavenet.com.ar
294814,sony.com.ar
295080,yahoo.com.ar
296147,nordicwater.com.ar
296886,hcdn.gob.ar
297257,16valvulas.com.ar
297985,biblioteca.org.ar
297996,indec.gob.ar
298360,uader.edu.ar
299178,salta.gov.ar
299882,farmalink.com.ar
300121,casamientos.com.ar
301501,leivajoyas.com.ar
303012,rosario.gov.ar
303921,migraciones.gov.ar
304047,redynet.com.ar
304853,evsis.com.ar
305012,argentino.com.ar
307663,cnea.gov.ar
308027,unpa.edu.ar
308385,researchsrl.com.ar
309466,connectingonline.com.ar
311247,cspm.net.ar
311766,quepasaweb.com.ar
312462,reltid.com.ar
313371,conae.gov.ar
313904,internetlocal.com.ar
316145,elcomercial.com.ar
316393,cine.ar
316897,bluefm.com.ar
318126,cybermonday.com.ar
318473,magyp.gob.ar
320228,itba.edu.ar
321005,aptix.com.ar
322410,mpba.gov.ar
322555,elhistoriador.com.ar
323081,calacoop.com.ar
323966,sietecapas.com.ar
325057,acerca.com.ar
325223,siapsrl.com.ar
325559,aranami-sa.com.ar
325697,bbt.net.ar
326062,hostingtelefonica.com.ar
326127,unlz.edu.ar
326285,aa2000.com.ar
326304,florenciovarela.gob.ar
326430,racingclub.com.ar
326584,payway.com.ar
327998,ipctools.com.ar
329457,sancorsalud.com.ar
329622,cotecal.com.ar
329716,unimoron.edu.ar
330356,purina.com.ar
330389,sbs.com.ar
331259,cancilleria.gob.ar
331271,farmagen.com.ar
331614,bancodeserviciosfinancieros.com.ar
331970,promociones-aereas.com.ar
332322,bancomacro.com.ar
333600,cifrasonline.com.ar
333741,bancoentrerios.com.ar
334541,lapampa.edu.ar
335394,nubilus.com.ar
335709,alpha2000.com.ar
336543,colsecor.net.ar
336953,horusnet.com.ar
337249,lzsnet.com.ar
337386,diariocronica.com.ar
337952,ort.edu.ar
338907,clasedigital.com.ar
339828,mininterior.gov.ar
340002,youtube.com.ar
340426,epson.com.ar
340555,clubtalleres.com.ar
340903,faa.mil.ar
342436,clubgrido.com.ar
342501,esc.edu.ar
342573,ucema.edu.ar
343303,asics.com.ar
343549,conclusion.com.ar
343884,opcionempleo.com.ar
344070,telefonica.com.ar
345157,zurich.com.ar
345179,cels.org.ar
345213,celpinf.com.ar
345227,sanlorenzo.com.ar
345829,jeepclub.com.ar
346003,anses.gov.ar
347622,gigared.com.ar
348971,smartmail.com.ar
349417,redeletras.com.ar
349561,jujuy.gov.ar
350051,cesop.net.ar
350850,diariomendoza.com.ar
350998,antina.com.ar
351271,misiones.gob.ar
351543,casinomagic.com.ar
352009,cnv.gov.ar
352487,rivadavia.com.ar
352835,balloon.net.ar
352929,randstad.com.ar
352940,consejo.org.ar
352964,t.net.ar
353465,paruolo.com.ar
353665,sba.com.ar
354400,dashdeportes.com.ar
354619,nuevarioja.com.ar
355126,e-kart.com.ar
356609,banelcoservices.com.ar
356760,baynet.com.ar
356970,planetadelibros.com.ar
358145,ejercito.mil.ar
358202,inta.gov.ar
359388,hospitalaustral.edu.ar
359428,arenamaipu.com.ar
359942,ciudaddemendoza.gob.ar
360553,federacionnet.com.ar
360643,edusalta.gov.ar
360846,iwinds.com.ar
361383,cdn.net.ar
362418,iua.edu.ar
363071,naxs.com.ar
363095,philips.com.ar
364046,jusmendoza.gob.ar
364272,undef.edu.ar
364682,electrolux.com.ar
365042,properati.com.ar
365216,amc.com.ar
365285,santacruz.gob.ar
365353,farmacity.com.ar
365833,vicentelopez.gov.ar
366328,upc.edu.ar
367276,unab.edu.ar
367605,smiles.com.ar
367962,fulltv.com.ar
368815,raovet.com.ar
368920,cvci.com.ar
369391,funescoop.com.ar
370507,nqntv.com.ar
370593,clanacion.com.ar
370817,volkswagen.com.ar
371696,n1servers.com.ar
371877,ssservicios.com.ar
371977,memo.com.ar
371990,hogardecristo.org.ar
373407,padron.gov.ar
373589,inet.edu.ar
373783,neunet.com.ar
373943,airsat.com.ar
374470,obercom.net.ar
375884,infotarjetas.com.ar
375931,policiadelaciudad.gob.ar
377077,voipi.com.ar
378258,marandu.com.ar
379832,comafi.com.ar
379976,westnet.com.ar
380129,somosmamas.com.ar
380137,segemar.gov.ar
380994,lmdiario.com.ar
381268,3dgames.com.ar
382473,aginet.com.ar
385696,amia.org.ar
386260,rosario-conicet.gov.ar
386666,huesped.org.ar
386988,colegio-escribanos.org.ar
387142,lapampa.gob.ar
389402,derechadiario.com.ar
389471,truantinmobiliaria.com.ar
391038,encombo.com.ar
392207,sirchandler.com.ar
392434,uncaus.edu.ar
392439,paginasamarillas.com.ar
392662,mpf.gob.ar
392826,salta.gob.ar
393747,pampacom.com.ar
393818,mecon.ar
394193,jusbaires.gob.ar
394286,inetgaming.com.ar
396175,kayak.com.ar
396784,ceystel.com.ar
396998,seg.ar
397034,mapfre.com.ar
397076,prima.net.ar
397423,economis.com.ar
398036,realpolitik.com.ar
398201,crucero.com.ar
399711,coopenetlujan.com.ar
400623,itcsa.net.ar
401308,wirenet.com.ar
402006,hipermailer.com.ar
402808,ipred.net.ar
403058,afa.org.ar
403112,con.ar
403559,huxley.com.ar
403630,trabajo.gob.ar
403836,ligaprofesional.ar
404003,valordigital.com.ar
404100,cotelcam.com.ar
405050,interbourg.com.ar
406159,sg.com.ar
406725,cabase.org.ar
406885,3net.com.ar
406997,agrositio.com.ar
407152,fiat.com.ar
407371,iplan.com.ar
408045,sitio.com.ar
408428,diarioeltiempo.com.ar
408646,quonam.com.ar
408673,barcelo.edu.ar
408757,lacaja.com.ar
408773,prosegur.com.ar
409208,lt10.com.ar
409255,enmarcha.com.ar
409332,mpd.gov.ar
410588,fleni.org.ar
411009,uesiglo21.edu.ar
411739,sportotal.com.ar
411848,suteba.org.ar
412728,bancosantafe.ar
413277,tormentasargentinas.com.ar
414397,pensamientopenal.com.ar
414666,bigbox.com.ar
417170,talleresdelpirovano.com.ar
417401,unsta.edu.ar
417826,visarewards.com.ar
418942,iswifi.com.ar
419080,catamarcactual.com.ar
419686,citynet.net.ar
420223,superprof.com.ar
421242,revistasaberes.com.ar
421984,prexcard.com.ar
422048,xoms.com.ar
422063,techtel.com.ar
422364,netizen.com.ar
422662,livepass.com.ar
422721,atdt.com.ar
423047,estadodelmar.com.ar
423574,lv12.com.ar
423977,antiguedadeselrodeo.com.ar
424338,econojournal.com.ar
424750,senado.gov.ar
424926,verisure.com.ar
424943,bpn.com.ar
426093,cescom.net.ar
426794,47street.com.ar
426820,codere.bet.ar
427608,elparaisodepaso.com.ar
427945,juetaeno.ar
428950,xn--lamaanaonline-lkb.com.ar
429032,fmvida.com.ar
429045,portsaid.com.ar
429503,honda.com.ar
429694,websail1.com.ar
430203,c.net.ar
431180,coop5.com.ar
431388,senasa.gob.ar
432067,smsmasivos.com.ar
432262,basadoenhechosreales.com.ar
432322,uar.com.ar
432430,tarjetacencosud.com.ar
433946,elnueve.com.ar
434651,ajalar.com.ar
435632,galiciaseguros.com.ar
436035,cruzroja.org.ar
436043,fepba.gov.ar
436286,cartasur.com.ar
437454,justucuman.gov.ar
437703,bwnet.com.ar
438684,allytech.com.ar
439168,cpacf.org.ar
439691,region20.com.ar
442972,strix.com.ar
443668,visavis.com.ar
444953,cordobaturismo.gov.ar
445353,entradaweb.com.ar
445880,incucai.gov.ar
446196,jusentrerios.gov.ar
446461,apinter.com.ar
447527,lasheras.gob.ar
448433,generalpico.com.ar
449870,diarioelzondasj.com.ar
450491,prismasystems.com.ar
451164,saldo.com.ar
451209,edreams.com.ar
451495,laanonima.com.ar
451695,byma.com.ar
451909,nakaoutdoors.com.ar
452517,cia.org.ar
452744,cofa.org.ar
454568,prefecturanaval.gob.ar
454666,calzadosbatistella.com.ar
454788,arca.gob.ar
455118,stihl.com.ar
455925,laliganacional.com.ar
456165,evisos.com.ar
456573,pampers.com.ar
456851,vallenet.com.ar
456910,sportclub.com.ar
457395,mostazaweb.com.ar
457719,abogados.com.ar
458309,revirtual.com.ar
458802,bancodelapampa.com.ar
458917,msptucuman.gov.ar
459232,laboratoriojulia.com.ar
460385,varela.gov.ar
461023,quedigital.com.ar
461675,dolce-gusto.com.ar
462333,sencinet.ar
462396,unf.edu.ar
462918,cordoba.gob.ar
462947,rapipago.com.ar
463033,jusrionegro.gov.ar
463373,experta.com.ar
463713,getthelook.com.ar
464550,lecoqsportif.com.ar
464589,cac.com.ar
464666,omio.com.ar
465492,alegsa.com.ar
465575,steel.net.ar
465893,enacom.gob.ar
466006,lavozdesanjusto.com.ar
466938,bancoentrerios.ar
467184,catamarca.gob.ar
467273,infozona.com.ar
467379,teclab.edu.ar
467439,tiendaclic.com.ar
467866,naturgy.com.ar
468257,avon.com.ar
468457,fullservicesastro.com.ar
468817,boletinoficial.gov.ar
468830,celobera.com.ar
469210,formosa.gob.ar
469446,viaccc.com.ar
469608,asjservicios.com.ar
469628,garrahan.gov.ar
470042,radiomaria.org.ar
470136,gardenlife.com.ar
470939,moni.com.ar
470941,sanjuan.gob.ar
470974,msccruceros.com.ar
471329,medicus.com.ar
471388,cultura.gob.ar
471397,ues21.edu.ar
473105,somosjujuy.com.ar
473536,allianz.com.ar
473654,asoprofarma.com.ar
473745,bancoformosa.com.ar
473771,bbvaseguros.com.ar
474006,calmessimple.com.ar
474170,conectarigualdad.edu.ar
474261,davinci.edu.ar
474399,drean.com.ar
474494,elnorte.com.ar
474789,garnier.com.ar
474877,grid.com.ar
475025,huayra.com.ar
475153,inviu.com.ar
475254,jugadon.bet.ar
475257,jumbomas.com.ar
475367,labarraccu.com.ar
475405,launcherfenix.com.ar
475439,levi.com.ar
475494,lorealparis.com.ar
475576,maria-cher.com.ar
475585,masvision.com.ar
475692,misvalidaciones.com.ar
475731,monroeamericana.com.ar
475770,multipay.com.ar
475879,newgarden.com.ar
475932,notebookspro.ar
476017,onvio.com.ar
476404,riogrande.gob.ar
476429,rus.com.ar
476437,samsung.com.ar
476511,simplesolutions.com.ar
476628,telerecargas.com.ar
476671,tiendanewsan.com.ar
476820,ugr.edu.ar
476900,vaypol.com.ar
477170,znube.com.ar
477579,inforegion.com.ar
477862,hospitalaleman.org.ar
478615,tiendeo.com.ar
478700,end2end.com.ar
480508,arsat.com.ar
481383,agenciapacourondo.com.ar
481621,agd.com.ar
481878,actron.com.ar
481904,capaccionideportes.com.ar
482068,gimnasia.org.ar
482487,blueorange.com.ar
482632,municipalidadsalta.gob.ar
482666,prestigio.com.ar
482673,radio10.com.ar
482717,vulcanita.com.ar
482731,yamaha-motor.com.ar
482935,elheraldo.com.ar
482939,iapg.org.ar
483760,iram.org.ar
483849,elindependiente.com.ar
484779,ciudaddemendoza.gov.ar
485017,sicop.com.ar
485876,gruasmare.com.ar
486711,metrotel.ar
486812,diarioellibertador.com.ar
487061,ipnext.com.ar
488772,shipnow.com.ar
489581,tandil.gov.ar
490091,ubuy.com.ar
490137,velonet.com.ar
490729,peugeot.com.ar
490849,cotizacion-dolar.com.ar
491326,iperactive.com.ar
491733,ucongreso.edu.ar
492703,aulica.com.ar
492792,lancome.com.ar
493256,santafeciudad.gov.ar
493797,noticiasnqn.com.ar
494140,fullblog.com.ar
494693,diariolaopinion.com.ar
495055,bgh.com.ar
495598,gualeguaychu.gov.ar
495638,el1digital.com.ar
496220,magnets.com.ar
496277,huapi.com.ar
497131,marykayintouch.com.ar
497135,medife.com.ar
498599,isalud.edu.ar
498673,lantech.com.ar
498750,dragonballs.com.ar
498812,rcc.com.ar
499308,andesmar.com.ar
499665,fila.com.ar
499687,caicyt.gov.ar
500473,uda.edu.ar
500846,arandu.com.ar
501728,bedtime.com.ar
501787,tcsa.com.ar
502928,921.com.ar
504046,bancobica.com.ar
504197,tigre.gob.ar
504203,ucp.edu.ar
504439,jbl.com.ar
504550,autenticar.gob.ar
504563,comafiempresas.com.ar
504638,rently.com.ar
504899,ojoodehalcon.com.ar
505065,elcivismo.com.ar
505300,dinamico.com.ar
506853,netcoop.com.ar
506861,ferrero.com.ar
507080,udemmvirtual.edu.ar
507762,cimientos.org.ar
507821,launion.com.ar
507959,bago.com.ar
509043,veraz.com.ar
510005,coopmolle.com.ar
512141,neuquen.gob.ar
512478,solumedia.com.ar
512536,cardon.com.ar
512857,hsbc.com.ar
512895,suizoargentina.com.ar
513774,testdelayer.com.ar
513789,interya.com.ar
514838,culturageek.com.ar
515274,velez.com.ar
515435,copetel.com.ar
515510,sisanjuan.gob.ar
515577,hospitalprivado.com.ar
515974,clarotv.com.ar
516496,zetti.com.ar
516852,anbariloche.com.ar
517177,radio3cadenapatagonia.com.ar
517247,cinesargentinos.com.ar
517385,adnrionegro.com.ar
517553,clubaindependiente.com.ar
517948,mundijuegos.com.ar
518854,shockmedia.com.ar
520120,shopee.com.ar
520421,farmaplus.com.ar
520593,colescba.org.ar
520909,deyvel.com.ar
521058,serviclub.com.ar
521328,abuelas.org.ar
521497,bairesit.com.ar
523898,anroca.com.ar
524012,colegioeducaciondeltalento.com.ar
524635,television.com.ar
525632,neuquencapital.gov.ar
526458,diputados.gov.ar
526855,uccuyosl.edu.ar
528006,laroche-posay.com.ar
528233,farmacialeloir.com.ar
528271,onsports.com.ar
528304,topmega.com.ar
528362,fiserv.com.ar
528374,iosfa.gob.ar
528415,recetasnestle.com.ar
528560,ola.com.ar
528587,sodastream.com.ar
528631,smg.com.ar
528652,bancocolumbia.com.ar
528713,osprera.org.ar
528858,hertz.com.ar
528955,inti.gob.ar
530433,mae.com.ar
531037,fenix951.com.ar
531534,otamendi.com.ar
534085,clubln.com.ar
534909,fundacionlanacion.org.ar
535081,grancentral.com.ar
536168,maspagos.com.ar
537327,rcs.net.ar
537875,trimi.com.ar
538840,rock.com.ar
539043,telnet.com.ar
539669,sol915.com.ar
539740,nuevodiariodesalta.com.ar
539911,quilmes.gov.ar
540445,peisa.com.ar
540685,alucinna.com.ar
540770,skinfree.com.ar
540792,uip.com.ar
541137,larural.com.ar
541608,chaco24news.com.ar
542031,ompersonal.com.ar
543340,bahiapsicosocial.com.ar
544061,datamarkets.com.ar
544547,stopenlinea.com.ar
545207,sanjuan.gov.ar
545319,latinta.com.ar
545434,concordia.gob.ar
547135,atomik.com.ar
547205,gacetamarinera.com.ar
547652,anac.gob.ar
548725,openfarma.com.ar
548952,pergamino.gob.ar
549390,manual.ar
549998,bancorio.com.ar
550249,mr.com.ar
551184,laopinionline.ar
551221,stylestore.com.ar
551332,galeno.com.ar
551525,liliana.com.ar
551771,suap.com.ar
552087,garmin.com.ar
552370,telecentroplay.com.ar
552375,bdfa.com.ar
552499,ate.org.ar
552937,all-kom.com.ar
552964,sanluis.gob.ar
553877,equus.com.ar
555543,faecys.org.ar
556557,cooperacionseguros.com.ar
556608,doplim.com.ar
556681,bse.com.ar
557067,inpi.gob.ar
557696,dcshoes.com.ar
557748,infovia.com.ar
557842,nosis.com.ar
558056,after-wire.com.ar
558299,itau.com.ar
559186,cbtel.net.ar
559528,colegiodepsicologossj.com.ar
559561,datos.gob.ar
559734,iglesiadelpilar.com.ar
560148,tierradelfuego.gob.ar
560166,trovitargentina.com.ar
560236,yogurisimo.com.ar
560283,lv16.com.ar
560410,ecovalores.com.ar
560825,bejermanweb.com.ar
560830,blaisten.com.ar
560844,cero26.com.ar
560859,desiderata.com.ar
560910,hushpuppies.com.ar
560934,lamartina.com.ar
560938,lasmargaritas.com.ar
560953,masclub.com.ar
560981,padron.gob.ar
560983,paulacahendanvers.com.ar
561013,simmons.com.ar
561026,templodelfutbol.com.ar
561060,wokerbysporting.com.ar
561207,gigot.com.ar
561384,waynimovil.ar
561905,smn.gov.ar
563066,senado.gob.ar
563807,ride.com.ar
564650,defonline.com.ar
565466,mercuresantarosa.com.ar
565623,hjg.com.ar
567239,uaionline.edu.ar
567347,iae.edu.ar
567478,sde.gob.ar
568047,multipoint.com.ar
568051,quepasajujuy.com.ar
568052,sweet.com.ar
568400,fefi.com.ar
568737,samsonite.com.ar
568831,policiacordoba.gov.ar
569674,molinos.com.ar
569752,unomotos.com.ar
569842,rtanet.com.ar
570116,jusneuquen.gov.ar
570265,pampero.com.ar
570793,geeklab.com.ar
571969,teraserver.com.ar
572225,ausol.com.ar
572809,andrade.com.ar
573043,salomonstore.com.ar
573719,footolophy.com.ar
573785,copelnet.com.ar
573840,masterweb.ar
574027,sitiosargentina.com.ar
574534,linksat.com.ar
575140,edelap.com.ar
576233,sifnet.net.ar
576616,casi.com.ar
577326,telefenoticias.com.ar
577495,sanisidro.gob.ar
577949,saberingles.com.ar
578206,satv-hosting.com.ar
578536,maximaonline.com.ar
579024,uno-propiedades.com.ar
579869,gna.gob.ar
579899,infoauto.com.ar
580056,twinkl.ar
580395,edenentradas.com.ar
580782,zerozero.com.ar
581922,merlintech.com.ar
582109,equifax.com.ar
582530,unvime.edu.ar
582755,sanmartin.gov.ar
582971,havanna.com.ar
583213,telcocom.com.ar
583694,temaiken.org.ar
584534,mpfcordoba.gob.ar
584565,bariloche.gov.ar
584596,broer.com.ar
584780,complot.com.ar
585374,diarioriouruguay.com.ar
585568,buscojobs.com.ar
585603,coopespartillar.com.ar
585746,cui.edu.ar
586135,coopenetcolon.com.ar
587251,mastercard.com.ar
587454,anmat.gov.ar
587714,sadaic.org.ar
588035,hisystem.com.ar
588048,gmssa.com.ar
588396,activiaweb.com.ar
588480,allaria.com.ar
588522,andes.gob.ar
588656,atlantida.edu.ar
588658,atmseguros.com.ar
588749,bahia.gob.ar
588766,bancodecorrientes.com.ar
589034,buenosairescompras.gob.ar
589070,caece.edu.ar
589086,caminosdelassierras.com.ar
589088,campusinstituto.com.ar
589127,casarosada.gob.ar
589136,cataleia.com.ar
589149,ceibocreditos.com.ar
589207,chelsea.com.ar
589313,colfacor.org.ar
589328,comodoroweb.gob.ar
589514,dgrcorrientes.gov.ar
589534,dinoonline.com.ar
589537,directo.com.ar
589596,dpec.com.ar
589683,edeaweb.com.ar
589707,efectivosi.com.ar
589769,enargas.gob.ar
589785,enlaradio.com.ar
589863,evweb.com.ar
590087,fuesmen.edu.ar
590431,hiperlibertad.com.ar
590546,iafas.gov.ar
590637,infotrak.com.ar
590772,jazminchebar.com.ar
590840,juschubut.gov.ar
590844,justiciachaco.gov.ar
590845,justiciasalta.gov.ar
591051,lapopu.com.ar
591177,lotemovil.com.ar
591178,loteriadelaciudad.gob.ar
591231,macroclickpago.com.ar
591453,miredbus.com.ar
591589,mundoazulgrana.com.ar
591620,mybees.com.ar
591689,negociatudeuda.com.ar
591828,observer.com.ar
591969,palpitos.com.ar
592020,payrollportal.com.ar
592187,posadas.gov.ar
592213,prevencionsalud.com.ar
592261,provinciaseguros.com.ar
592264,proyectocolor.com.ar
592320,radiio.com.ar
592522,sanjuan.edu.ar
592526,santarosa.gob.ar
592531,saphirus.com.ar
592537,sasm.com.ar
592829,stanley1913.ar
592989,tepido.com.ar
593048,tiendafuencarral.com.ar
593111,topdoctors.com.ar
593238,ucu.edu.ar
593252,ugd.edu.ar
593355,venti.com.ar
593602,wurth.com.ar
593647,xt-pc.com.ar
594348,acara.org.ar
594389,shift.com.ar
594508,cibernek.com.ar
594838,atz.com.ar
596032,uap.edu.ar
596341,lamadrilena.com.ar
596446,pip.com.ar
596988,farmaciasdelpueblo.com.ar
597031,ahoracalafate.com.ar
597038,elmundodeljuguete.com.ar
597040,maybelline.com.ar
597148,cvaa.com.ar
597243,tcba.com.ar
597965,infoleg.gov.ar
599234,parquedelacosta.com.ar
599858,itelsa.com.ar
600067,gtodo.com.ar
600525,cosmeticosvogue.com.ar
600527,cpba.com.ar
600577,el-periodico.com.ar
600599,eventick.com.ar
600636,getnet.com.ar
600735,katech.com.ar
600739,kingofthekongo.com.ar
600846,nissan.com.ar
600931,red-bus.com.ar
600959,santillanacompartir.com.ar
600963,sati.org.ar
600971,secheep.gob.ar
601559,manosquehablan.ar
601872,vaynet.com.ar
602459,berazategui.gob.ar
603342,altoquedeportes.com.ar
604150,celt.com.ar
604896,ucel.edu.ar
605934,viabariloche.com.ar
606537,localhost.net.ar
606694,ditinformatica.ar
607657,betsson.com.ar
609068,intercity.net.ar
609099,ama-med.org.ar
610241,cponline.org.ar
610659,dior.com.ar
610661,elcrackdeportivo.com.ar
611149,diariolamanana.com.ar
611618,freelancer.com.ar
611670,edesa.com.ar
611951,sevensport.com.ar
611963,cajajper.gov.ar
612263,buscouniversidad.com.ar
614343,citroen.com.ar
614384,wiber.net.ar
614601,vitanet.com.ar
614644,dimensionip.com.ar
615527,cotodigital3.com.ar
616206,unidiversidad.com.ar
616759,fiscales.gob.ar
617031,bridgestone.com.ar
617441,canalshowsport.com.ar
617598,anlis.gob.ar
617962,policiadesalta.gob.ar
618430,grupokonecta.com.ar
618445,cinexo.com.ar
619515,jerarquicossalud.com.ar
619524,colegioingenieros.org.ar
619919,claimservices.com.ar
619947,dim.com.ar
619949,distrigas.com.ar
619978,farmaciaslider.com.ar
620035,hpc.org.ar
620246,roemmers.com.ar
620285,spf.gob.ar
620318,tupperware.com.ar
620384,0264noticias.com.ar
620424,adrianmercado.com.ar
620427,agcontrol.gob.ar
620435,aguasbonaerenses.com.ar
620446,amr.org.ar
620447,amway.com.ar
620561,cordiez.com.ar
620739,justierradelfuego.gov.ar
620773,laslomas.com.ar
620923,pescare.com.ar
621061,uch.edu.ar
621350,dnm.gov.ar
621370,expoyerweb.com.ar
621428,heyas.com.ar
621573,paginasblancas.com.ar
621613,raffo.com.ar
621617,red43.com.ar
621630,rumbosrl.com.ar
621658,spacegamer.com.ar
621740,xlshop.com.ar
621908,aulainstitucional.com.ar
621926,aysam.com.ar
622025,cent.gov.ar
622041,chubut.edu.ar
622122,dgrsalta.gov.ar
622129,digidoc.com.ar
622166,edenentradas.ar
622432,jussantacruz.gob.ar
622535,mg-group.com.ar
622876,socioplus.com.ar
623740,puppis.com.ar
623820,covinter.com.ar
624145,kiehls.com.ar
625491,bulit.com.ar
625934,turismo.gov.ar
626198,aubasa.com.ar
626512,tiendadiggit.com.ar
626856,viviendasroca.com.ar
627113,swarovski.com.ar
627300,comodoro.gov.ar
629227,answerseguros.com.ar
629242,enal.com.ar
629539,femeba.org.ar
630153,elcelu.com.ar
630188,gezatek.com.ar
630192,godoycruz.gob.ar
630241,instoreweb.com.ar
630292,litoralgas.com.ar
630445,start.com.ar
630506,udemm.edu.ar
630862,onelab.com.ar
630964,vacunar.com.ar
631108,buscadorprop.com.ar
631124,cibic.com.ar
631131,compugarden.com.ar
631136,cylex.com.ar
631203,jeep.com.ar
631331,xiaomistore.com.ar
631406,alertaurbana.com.ar
631411,apn.gob.ar
631433,biodatasa.com.ar
631475,curf.com.ar
631489,drogueriasur.com.ar
631706,sexshopargentino.com.ar
631763,ude.edu.ar
632020,apicolajauregui.com.ar
632883,grulic.org.ar
633440,elcodigoascii.com.ar
633817,educar.gob.ar
634105,btarg.com.ar
634324,aquadelta.com.ar
634341,laopinionsemanario.com.ar
634383,themagistv.ar
634658,tresdefebrero.gov.ar
634737,arwebs.com.ar
637110,cracking.com.ar
638071,arlab.net.ar
638154,trov.ar
639294,buquebus.com.ar
640304,electoral.gob.ar
640351,abchoy.com.ar
641305,maizena.com.ar
641362,coyspu.com.ar
642240,netlatin.net.ar
642358,tower.com.ar
642464,sanluis.edu.ar
643512,lomasdezamora.gov.ar
644007,laruralticket.com.ar
645219,sac.org.ar
645938,matbarofex.com.ar
646014,signeo.com.ar
646666,surenio.com.ar
646714,comoquieres.com.ar
646972,barilocheturismo.gob.ar
647167,parana.gob.ar
649267,unraf.edu.ar
649834,ambiente.gob.ar
650356,institutocap.org.ar
650682,cge.mil.ar
650690,cooperativadelujan.com.ar
650755,larioja.gob.ar
650911,apross.gov.ar
651111,magnoliasdeco.com.ar
651127,minutofueguino.com.ar
651321,mendoza-conicet.gob.ar
651405,cotilloncasaalberto.com.ar
651420,eduweb.com.ar
651476,issd.edu.ar
651602,todomicro.com.ar
651747,deportv.gob.ar
652153,cooptortu.com.ar
652172,anac.gov.ar
652347,gafa.com.ar
652397,kendra.com.ar
652400,kia.com.ar
652433,markey.com.ar
652449,miboleteria.com.ar
652518,ram.com.ar
652564,sushiclub.com.ar
652615,whirlpool.com.ar
652764,defensoria.org.ar
652997,cace.org.ar
653264,unicenter.com.ar
654173,legisrn.gov.ar
654473,metrored.net.ar
654542,eleve11.ar
654914,coneau.gob.ar
655634,rafaela.gob.ar
656028,caserosvive.com.ar
656208,kmmnet.com.ar
656394,depilife.com.ar
656396,ferbi.com.ar
656954,abrafersrl.com.ar
657578,arcoop.com.ar
657993,connexa.com.ar
659089,intermedia.net.ar
659103,secretarianaf.gob.ar
660056,animeflv.ar
660083,autoweb.com.ar
660155,cafci.org.ar
660402,issn.gov.ar
660512,mav-sa.com.ar
660841,tsnnecochea.com.ar
660865,uthgra.org.ar
660927,supermayoristavital.com.ar
661013,adt.com.ar
661052,bringeri.com.ar
661061,ca.gob.ar
661068,castillo.com.ar
661071,cecchini.com.ar
661122,farmalife.com.ar
661124,fiatplan.com.ar
661140,gamingcity.com.ar
661211,loopian.com.ar
661215,macstation.com.ar
661234,moulinex.com.ar
661236,movieclub.com.ar
661260,ospoce.com.ar
661379,yagmour.com.ar
662019,disval.com.ar
662038,ecomchaco.com.ar
662102,ies21.edu.ar
662123,juscaba.gob.ar
662172,mishka.com.ar
662218,pareto.com.ar
662255,reebok.com.ar
662450,benka.com.ar
662455,bidbit.ar
662466,buspack.com.ar
662495,datacar.com.ar
662550,gratia.com.ar
662631,mercadoagroganadero.com.ar
662909,autotag.com.ar
663066,mascarasacf.com.ar
663211,upe.edu.ar
663238,coca-cola.com.ar
663404,neuqueninforma.gob.ar
664639,telintar.com.ar
664677,takyon.com.ar
665067,gente.com.ar
666183,actionsales.com.ar
666319,gael.com.ar
666357,hipotecarioseguros.com.ar
666814,greendeco.com.ar
666939,brandel.com.ar
667869,mpf.gov.ar
668310,on24.com.ar
670079,globalwifi.com.ar
671148,mercado.com.ar
671661,rehavita.com.ar
672771,sedal.com.ar
674760,uolsinectis.com.ar
676158,futbol360.com.ar
676351,lavozdetandil.com.ar
676469,hospitalbritanico.org.ar
676680,gsnetworks.com.ar
676740,transdatos.com.ar
677354,cin.edu.ar
677497,farmamix.com.ar
678016,idear.gov.ar
678687,bancosanjuan.ar
679311,ausa.com.ar
679815,narvaezbid.com.ar
680112,downdetector.com.ar
680509,desarrollosocial.gob.ar
680627,pampaengine.com.ar
680692,retina.ar
680911,bmsolucionessrl.net.ar
681747,morph.com.ar
682308,liesa.com.ar
682342,lapampa.gov.ar
682509,centrosider.com.ar
682778,cedsa.edu.ar
682780,century21.com.ar
682795,comunicaciontucuman.gob.ar
683082,prefumo.com.ar
683146,surtidores.com.ar
683364,crjppf.gov.ar
683458,justiciasantafe.gov.ar
683533,osepmendoza.com.ar
683826,edensa.com.ar
684016,umet.edu.ar
684078,actualidadtdf.com.ar
684088,amichi.com.ar
684171,chunas.com.ar
684231,easybet.bet.ar
684264,fidel.com.ar
684270,fotorevista.com.ar
684467,noticiastornquist.com.ar
684501,papelerabariloche.com.ar
685005,starnetworks.com.ar
685171,moron.gob.ar
686069,diarco.com.ar
686852,skechers.com.ar
687059,diarioandino.com.ar
687940,cslp.com.ar
687963,bindpagos.com.ar
689257,tuaiti.com.ar
689429,sanidad.org.ar
689674,bocashop.com.ar
689759,bowen.com.ar
689841,idim.com.ar
690065,quiksilver.com.ar
691420,tucbbs.com.ar
691520,cvi.net.ar
691779,ses.com.ar
691917,sindicatodocenteunrn.com.ar
692645,wisp.com.ar
692967,afatickets.com.ar
693076,balmoralpropiedades.com.ar
693412,electrofans.com.ar
694940,aesargentina.com.ar
695309,applog.com.ar
695487,beauty-now.com.ar
695495,bellasartes.gob.ar
695577,boletinoficialsalta.gob.ar
695701,casasco.com.ar
695725,cerave.com.ar
695821,colproba.org.ar
695828,comodinencasa.com.ar
695959,descuento.com.ar
695971,diagnosticorojas.com.ar
696057,drzeta.com.ar
696119,ef.com.ar
696139,elecos.com.ar
696140,electromisiones.com.ar
696211,espaciovino.com.ar
696279,farmaciassanchezantoniolli.com.ar
696648,historiadeboca.com.ar
696777,insideevs.com.ar
697042,lanus.gob.ar
697052,latrochadigital.com.ar
697334,miobrasocial.com.ar
697393,motorba.com.ar
697399,motos0km.com.ar
697423,mudafy.com.ar
697846,presupuestofamiliar.com.ar
697848,prevencionart.com.ar
697938,radarcupon.com.ar
698161,sercanto.com.ar
698495,tiendanatier.com.ar
698584,tusclases.com.ar
698670,vichyargentina.com.ar
699221,bancochubut.com.ar
699468,edelar.com.ar
699470,educacionrionegro.edu.ar
699496,estanciaschiripa.com.ar
699580,gatodumas.com.ar
699592,ghglobal.ar
699624,grupo-gestion.com.ar
699726,iunir.edu.ar
699870,lto.com.ar
699932,miescueladigital.com.ar
700041,octopus.com.ar
700117,pjm.gob.ar
700180,redsos.com.ar
700231,sec.org.ar
700456,unlvirtual.edu.ar
700486,venganzasdelpasado.com.ar
700580,zapatillaspuro.com.ar
700757,adrenaline.com.ar
700864,buttman.com.ar
700873,cannon.com.ar
700877,caroloficial.com.ar
700970,drifters.com.ar
700973,drogueria20dejunio.com.ar
700996,elamigo.com.ar
701008,entradafan.com.ar
701106,herenciacustomgarage.com.ar
701109,hidrolit.com.ar
701117,homecollection.com.ar
701132,iag.com.ar
701141,infinitamoda.com.ar
701173,jjdeportes.com.ar
701212,laspepas.com.ar
701244,macropremia.com.ar
701254,manlab.com.ar
701373,oregonhotel.com.ar
701387,pacogarcia.com.ar
701397,paranaseguros.com.ar
701427,pintecord.com.ar
701483,redsportonline.com.ar
701496,riiing.com.ar
701521,saucony.com.ar
701528,selu.com.ar
701540,showsport.com.ar
701544,simonashop.com.ar
701566,stidigital.com.ar
701578,tams.com.ar
701589,telas.com.ar
701596,thenorthface.com.ar
701611,tp3d.com.ar
701625,tussy.com.ar
701638,umbro.com.ar
701724,kotea.com.ar
701771,aceroblanco.com.ar
701837,atma.com.ar
701968,ciudad-muebles.com.ar
701990,cps.gov.ar
702193,hbritanicoweb.com.ar
702250,insssep.gob.ar
702393,maipu.gob.ar
702433,micuilonline.com.ar
702518,nostalgia.ar
702525,obera.gob.ar
702669,sanlorenzoprimero.com.ar
702747,supradyn.com.ar
703268,rebel.ar
703325,canopus.com.ar
703788,rvoys.com.ar
704300,magyp.gov.ar
704685,iplatense.net.ar
705140,cda.org.ar
705815,radiosenlinea.com.ar
706546,bonafide.com.ar
706651,axum.com.ar
706806,eldia.com.ar
708349,diariodecultura.com.ar
708683,commander.com.ar
708773,cofaral.com.ar
709059,varela.gob.ar
709427,agenciatierraviva.com.ar
709954,iseta.edu.ar
711796,hostclick.com.ar
711984,fororacing.com.ar
712269,viveromario.com.ar
712641,maipo.com.ar
714283,copca.com.ar
714417,familiamanassero.com.ar
715924,informacionlegal.com.ar
716192,geco.com.ar
716766,polneuquen.gob.ar
716985,guaymallen.gob.ar
717361,mercedes-benz.com.ar
717888,eshost.com.ar
718092,cesop.com.ar
718528,alba.com.ar
718672,sigloxxieditores.com.ar
718786,sanmartindelosandes.gov.ar
719061,argenpoll.com.ar
719118,emergencias.com.ar
719162,cegnet.com.ar
719725,ucsf.edu.ar
720060,bmros.com.ar
720765,recursosyenergia.com.ar
721480,cabletap.com.ar
721976,thomsonreuters.com.ar
722315,favaloro.edu.ar
723525,aluar.com.ar
723952,larazon.com.ar
724902,bibliotecarivadavia.edu.ar
725347,cpcecba.org.ar
725745,mitiendamondelez.com.ar
726169,comunidadcoto.com.ar
726175,converse.com.ar
726653,laradiodetotoral.com.ar
726814,mundosopyemayorista.com.ar
726913,packfutbol.com.ar
726951,planbnoticias.com.ar
726978,primerplanoonline.com.ar
727004,radiopopularsanluis.com.ar
727007,rapicuotasonline.com.ar
727262,untdf.edu.ar
727416,btf.com.ar
727925,nombrepropio.com.ar
728152,ssn.gob.ar
728348,cartapacio.edu.ar
728426,ipv6.com.ar
728432,velocom.com.ar
728761,agendasalta.com.ar
728900,nini.com.ar
728970,casasdehoy.com.ar
729002,identidadcorrentina.com.ar
729028,ase.com.ar
729274,jackiesmith.com.ar
729310,tate.com.ar
729381,virtualline.com.ar
729571,cocotonline.com.ar
730098,fava.com.ar
730263,axonico.ar
730276,res.com.ar
730343,nubehost.com.ar
730538,sansalvadordejujuy.gob.ar
730633,formowin.bet.ar
730721,infokioscos.com.ar
731317,cajaforensesantafe.org.ar
731615,sidenet.com.ar
732300,gador.com.ar
732577,bind.com.ar
732646,cajapsipba.org.ar
733163,ieric.org.ar
733347,los40.com.ar
733737,pvssa.com.ar
734784,utnianos.com.ar
734954,apcnean.org.ar
736045,faplaconline.com.ar
736426,aguassantafesinas.com.ar
736500,rpba.gov.ar
736616,cebra.com.ar
736683,edesalenergia.com.ar
736879,futbolparatodos.com.ar
737090,jujuyaldia.com.ar
739467,webnode.com.ar
741006,3dental.com.ar
741539,710tech.com.ar
742357,aaip.gob.ar
742416,aban.com.ar
742542,acabase.com.ar
742545,academiabagues.com.ar
742586,accesaniga.com.ar
742640,acerco.com.ar
742735,actualidadesquina.com.ar
742794,addnicetienda.com.ar
742801,adef.org.ar
742861,admilabs.com.ar
742911,adrianacostantini.com.ar
743008,aerobox.com.ar
743198,agenfor.com.ar
743233,agilgestion.com.ar
743368,agsnet.com.ar
743376,aguasdeltucuman.com.ar
743378,aguasdesantiago.com.ar
743387,agustisubastas.com.ar
743468,aic.gob.ar
743531,aireobjetosdeco.com.ar
743952,alcanzo.com.ar
743981,ale.com.ar
744315,almacendearmado.com.ar
744341,almirantebrown.gov.ar
744356,aloise.com.ar
744454,alternativateatral.com.ar
744472,altoremix.com.ar
744523,amaip.com.ar
744568,amayra.com.ar
744598,ambb.org.ar
744630,amebpba.org.ar
744640,amepla.org.ar
744641,ameport.org.ar
744773,amphora.com.ar
744948,andressalingerie.com.ar
745055,anikashop.com.ar
745231,ansal.com.ar
745270,anticipo.com.ar
745394,apat.org.ar
745692,apronline.gob.ar
745819,arambebes.com.ar
745871,arcat.gob.ar
745938,arenasport.ar
746045,armeriacanigo.com.ar
746055,armeriamiranda.com.ar
746095,arodarpost.com.ar
746163,art-jet.com.ar
746195,articket.com.ar
746307,ascensodelinterior.com.ar
746574,astrogrow.com.ar
746684,ater.gov.ar
746737,atmisiones.gob.ar
746768,atpformosa.gob.ar
746820,atupuerta.com.ar
746861,auditium.com.ar
746987,autoahorro.com.ar
747023,autocity.ar
747024,autocity.com.ar
747046,autodrive.com.ar
747066,autogestioncapc.com.ar
747217,autotigre.com.ar
747291,avellanedamayoristarosario.com.ar
747445,awada.com.ar
747498,axton.com.ar
747720,babolat.com.ar
747737,babycottons.com.ar
747756,babysits.ar
747878,baic.com.ar
747889,baires4.com.ar
747989,baliarda.com.ar
748073,bancodejoyas.com.ar
748075,bancopiano.com.ar
748397,batik.com.ar
748420,battaglia.com.ar
748917,bellacentral.com.ar
748937,bellkys.com.ar
749056,berissociudad.com.ar
749091,bersashop.com.ar
749094,bertoldi.com.ar
749117,besol.com.ar
749589,beturf.bet.ar
749822,biciperetti.com.ar
750083,billabong.com.ar
750125,binahdeco.com.ar
750143,bingodelsol.com.ar
750184,bio-salud.com.ar
750503,blanqueriahome.com.ar
750506,blaque.com.ar
750889,boletoestudiantiltuc.com.ar
750985,bonjourlulu.com.ar
750990,bonosdermo.com.ar
751190,boticadelpastelero.com.ar
751319,bragadoinforma.com.ar
751320,bragadotv.com.ar
751397,bravojeans.com.ar
751478,brihet.com.ar
751739,bucco.com.ar
751748,buddhaclothing.com.ar
751934,buseslep.com.ar
752208,caddis.com.ar
752220,caemca.com.ar
752279,cajaabogados.org.ar
752280,cajademedicos.com.ar
752283,cajapolicia.gob.ar
752365,callmed.com.ar
752386,camara-inmobiliaria.com.ar
752425,camioneros-ba.org.ar
752427,camisetasefp.com.ar
752430,camisetasnani.com.ar
752437,camoga.ar
752485,campusvirtualmeh.com.ar
752543,candycraft.com.ar
752589,capacitacionensalud.com.ar
752770,carey.com.ar
752812,carlosisla.com.ar
752907,carusoseguros.com.ar
752920,cas.gob.ar
752922,casaandy.com.ar
752935,casadepedro.com.ar
752948,casajonas.com.ar
752950,casajosecito.com.ar
752952,casamami.com.ar
752953,casamanriqueweb.com.ar
752955,casamario.com.ar
752958,casanacho.com.ar
752962,casapablomayorista.com.ar
752987,caseland.com.ar
753069,casinosmacgroup.bet.ar
753162,catastrocordoba.gob.ar
753173,catfootwear.com.ar
753201,cavatini.com.ar
753361,ceaer-rionegro.edu.ar
753392,cef-inmaculada-pr.edu.ar
753393,cegc.com.ar
753398,cejs.edu.ar
753442,celp.com.ar
753448,celularesindustriales.com.ar
753457,cemic.edu.ar
753496,centifoliabeauty.com.ar
753503,centralab.com.ar
753542,centrotranspersonal.com.ar
753553,centum.com.ar
753567,ceonline.com.ar
753577,cepem.com.ar
753705,cgepm.gov.ar
753706,cgesantiago.gob.ar
753744,chacabuquero.com.ar
753760,chajarialdia.com.ar
753942,chediack.com.ar
753950,chefgourmet.com.ar
753963,chemesweb.com.ar
753978,cherimoya.com.ar
753998,chetajeans.com.ar
754117,chitza.com.ar
754228,chulahomedeco.com.ar
754232,chunaonline.com.ar
754277,ciclofoxmotos.com.ar
754320,cimed.com.ar
754338,cindymayorista.com.ar
754370,cinemadevoto.com.ar
754391,cinemultiplex.com.ar
754422,cinespaseoaldrey.com.ar
754461,circehoupijamas.com.ar
754675,citygirl.com.ar
754753,clansis.com.ar
754772,claroplanes.ar
754784,clasicuyo.com.ar
754785,clasificadoslavoz.com.ar
754795,classexpress.com.ar
754824,claudiamuebles.com.ar
754923,clinica25demayo.com.ar
754930,clinicacolon.com.ar
754941,clinicamg.com.ar
755050,clubapps.com.ar
755092,clubpatagonia.com.ar
755097,clubsanjorge.com.ar
755139,cmm.com.ar
755219,cobrand.com.ar
755236,cocinaconvalentino.com.ar
755309,cofaloza.com.ar
755356,cokiba.org.ar
755369,colegioabogadostuc.org.ar
755375,colegiomilitar.mil.ar
755428,colmedse.com.ar
755439,colombraro.com.ar
755472,columbiacompras.com.ar
755474,columbiasportswear.com.ar
755509,comercialcmp.com.ar
755576,comparapix.ar
755588,complejoteatral.gob.ar
755611,compraypunto.com.ar
755621,compufanstore.com.ar
755731,congreso.gob.ar
755909,cookins.com.ar
755940,coopeplus.com.ar
755942,cooperativacalf.com.ar
755950,cooptl.com.ar
755974,copime.org.ar
756003,cordobanotebooks.com.ar
756113,cotalacalera.com.ar
756181,coverweb.com.ar
756215,cpbaonline.com.ar
756220,cpe.com.ar
756261,crayonropadechicos.com.ar
756475,crocs.com.ar
756542,crucerodelnorte.com.ar
756543,cruceroexpress.com.ar
756560,cruz-del-sur.org.ar
756565,cruzrojacorrientes.edu.ar
756671,ctbrosario.com.ar
756835,curas.com.ar
756863,cursos-uba.com.ar
756878,curvaslenceria.com.ar
757255,damatec.com.ar
757284,danbella.com.ar
757314,danitexbh.com.ar
757328,dantehogar.com.ar
757453,datatrenque.com.ar
757504,davidricardo.com.ar
757538,dazimportadora.com.ar
757616,dd2.com.ar
757734,decodesign.com.ar
757795,defrentesalta.com.ar
757814,deioweb.com.ar
757838,delacunaalinfierno.com.ar
757839,delaindia.com.ar
757856,delfos.tur.ar
757882,deliver.com.ar
757973,dentalbrackets.com.ar
758000,deonce.com.ar
758024,deportivoaat.com.ar
758042,deragopyan.com.ar
758085,desafiopinto.com.ar
758324,dges-cba.edu.ar
758333,dgiplarioja.gob.ar
758334,dgipse.gob.ar
758343,dgrsantiago.gob.ar
758352,dguiaf-gcba.gov.ar
758394,diaba.com.ar
758398,diabolicos.com.ar
758449,diariocastellanos.com.ar
758460,diarioelinformante.com.ar
758461,diarioinfoya.com.ar
758467,diariosargentinos.com.ar
758497,dicpropiedades.com.ar
758623,digituc.gob.ar
758695,dinizo.com.ar
758823,distlooktucuman.com.ar
758829,distribuidoramelisamayorista.com.ar
758832,distribuidorasagitario.com.ar
758834,distribuidorlacolo.com.ar
758838,distriecono.com.ar
759845,droppers.com.ar
759857,drsa.com.ar
760113,duvet.com.ar
760181,dysdecomayorista.com.ar
760469,ean.edu.ar
760835,eddis.edu.ar
760857,edersa.com.ar
760858,edese.com.ar
760881,editorialbemsa.com.ar
760919,educacionsantacruz.gov.ar
760934,educarhorizonte.com.ar
760939,educatioapps.com.ar
761073,efrenlopezonline.com.ar
761196,einsteinlibreria.com.ar
761299,el-tasador.com.ar
761340,elcriollo.com.ar
761381,electrogv.com.ar
761393,electrooutlet.com.ar
761454,elgarajetiendafierrera.com.ar
761551,elmarianomoreno.com.ar
761563,elnuevoemporio.com.ar
761576,eloutlet.com.ar
761592,elreydelfibro.com.ar
761595,elrosalenio.com.ar
761612,eltribunoclasificados.com.ar
761692,emicar.com.ar
761749,emova.com.ar
761765,empirepadel.com.ar
761803,emr.gob.ar
761817,emsetec.com.ar
761874,enchulate.com.ar
761910,energiasanjuan.com.ar
761925,enersa.com.ar
762039,entreriosya.com.ar
762042,entryfee.com.ar
762085,epaccesorios.com.ar
762111,epen.gov.ar
762420,escapegames.com.ar
762428,esco.com.ar
762429,escobar.gob.ar
762453,escuela-negocios-came.com.ar
762454,escuelaespsyc.com.ar
762460,escuelaprodermic.com.ar
762558,esperancino.com.ar
762620,estacionplus.com.ar
762630,estebanecheverria.gob.ar
762688,esubasta.ar
762702,etam.com.ar
762728,eter.com.ar
762761,etiopiashowroom.com.ar
762782,etr.gov.ar
762831,euremoodlesvr05.com.ar
762832,euremoodlesvr06.com.ar
762833,euremoodlesvr07.com.ar
763012,evophone.com.ar
763175,extasy.com.ar
763326,faba.org.ar
763389,factorydeportivo.com.ar
763407,facyca.com.ar
763555,famiq.com.ar
763563,famusic.com.ar
763588,fancyyou.com.ar
763674,farmaciarossomarcos.com.ar
763675,farmaciasanchezamerica.com.ar
763680,farmaciasdrahorro.com.ar
763683,farmaciasocial.com.ar
763750,fasmotos.com.ar
763801,fateryh.org.ar
763828,favacard.com.ar
763885,fbqfcampus.net.ar
763944,feb.org.ar
763963,federicoprato.com.ar
763982,fefusamendoza.com.ar
764009,femacba.com.ar
764087,ferrandi.com.ar
764183,fhaycs-uader.edu.ar
764198,fiatautodrive.com.ar
764199,fiatcatalogo.com.ar
764204,fiatplanes.com.ar
764385,filo.com.ar
764398,filum.com.ar
764753,flexipyme.com.ar
764852,florenciovarela.gov.ar
764858,floresavenida.com.ar
765173,formaciondocente.edu.ar
765202,fornis.com.ar
765541,freeway.com.ar
765560,frenteacano.com.ar
765799,fullcarga-titan.com.ar
765987,fusiongames.com.ar
766025,futsala.ar
766323,galenoseguros.com.ar
766660,garrahan.edu.ar
766842,gcba.gob.ar
766843,gcba.gov.ar
767014,generalurquiza.com.ar
767111,geowise.com.ar
767155,gestareducativa.com.ar
767165,gestionars.com.ar
767167,gestioncentercloud.com.ar
767172,gestionmsi.gob.ar
767176,gesto.org.ar
767306,ggrepuestos.com.ar
767420,giliycia.com.ar
768055,golomax.com.ar
768503,greenco.com.ar
768658,grupo-sierras.com.ar
768668,grupobonacorsi.com.ar
768669,grupocanarias.com.ar
768672,grupodbp.com.ar
768696,grupomarquez.com.ar
768700,grupoorono.com.ar
768712,gruposarmiento.com.ar
768731,grupoutopia.com.ar
768895,guiacores.com.ar
768986,gunshop.com.ar
769062,gvamax.com.ar
769207,habitar.com.ar
769570,hardcorecomputacion.com.ar
769727,hawkgps.com.ar
770609,hmc.mil.ar
770912,homies.com.ar
770915,hominis.com.ar
771066,hospitaldelabaxada.com.ar
771068,hospitalespanol.org.ar
771074,hospitalsanjuandedios.org.ar
771393,hudsoncocina.com.ar
771552,hyundai.com.ar
771622,iaca.com.ar
771630,iaf.gov.ar
771640,iamc.com.ar
771647,iapi.com.ar
771648,iapossantafe.gob.ar
771650,iapv.gov.ar
771675,ibb.com.ar
771744,icasas.com.ar
771800,iciec.com.ar
771997,iesvu.edu.ar
772077,igualdadycalidadcba.gov.ar
772271,ilva.com.ar
772300,imat.com.ar
772308,imcofue.com.ar
772316,imepho.com.ar
772318,imes.edu.ar
772488,inc.gob.ar
772662,indonesiashop.com.ar
772783,infofunes.com.ar
772803,infoqom.com.ar
772811,informe.com.ar
772895,inmoclick.com.ar
773034,institutoseguro.com.ar
773035,institutoulton.com.ar
773038,institutovida.com.ar
773040,institutovocaciondocente.ar
773047,insumosacuario.com.ar
773049,insup.com.ar
773065,integralpack.com.ar
773069,integritynet.com.ar
773091,interbet.bet.ar
773092,interbet.com.ar
773155,interzonawifi.com.ar
773256,ioc.com.ar
773354,ipssalta.gov.ar
773356,ipsst.gov.ar
773362,ipvmendoza.gov.ar
773363,ipvtuc.gob.ar
773519,isec.edu.ar
773520,isecursos.com.ar
773528,isepsantafe.edu.ar
773531,isfdyt8.com.ar
773550,isiv.edu.ar
773686,italianolaplata.org.ar
773711,itc-cloud.com.ar
773811,iuse.edu.ar
773845,ivrea.com.ar
774537,jenniferbeauty.com.ar
774546,jeny.com.ar
774835,jksport.com.ar
775076,jomasport.ar
775108,jorgevega.com.ar
775150,joyasnya.com.ar
775371,juliatours.com.ar
775451,jussantiago.gov.ar
775466,justicialarioja.gob.ar
775467,justicialistas.com.ar
775505,juvia.com.ar
775525,jyadistribuidora.ar
775692,kaironmusic.com.ar
775877,kandente.com.ar
775926,kansai.com.ar
775968,kappastore.com.ar
776159,katedra.com.ar
776629,kfc.com.ar
776634,kfive.com.ar
776886,kill.com.ar
776902,kimbino.com.ar
776938,kinderland.com.ar
777088,kinto-mobility.com.ar
777319,klipso.com.ar
778370,kuwana.com.ar
778542,labcentralctes.com.ar
778597,lacalle.com.ar
778617,lachance.com.ar
778623,lacomiqueria.com.ar
778640,ladorrego.com.ar
778652,ladymia.com.ar
778668,laestrellaretiro.com.ar
778675,lafederacion.org.ar
778689,lagallega.com.ar
778782,lamanolamayorista.com.ar
778784,lamatanza.gov.ar
778877,lanlanonce.com.ar
778885,lanuevaradiosuarez.com.ar
778919,laplatacells.com.ar
778923,lapostanoticias.com.ar
778942,lareinaonline.com.ar
778945,lareynadelazapatilla.com.ar
778965,laserenisimaclasico.com.ar
778976,lasintesis.com.ar
779067,laurenciastore.com.ar
779088,lavelozdelnorte.com.ar
779388,legionextranjera.com.ar
779469,lenceriamarina.com.ar
779470,lenceriamayorista.com.ar
779471,lenceriamytio.com.ar
780249,litoral-gas.com.ar
780258,littleblue.com.ar
780440,lngolivieri.com.ar
780774,losangelitosmayorista.com.ar
780808,loteriadelchubut.com.ar
781072,lqm.com.ar
781083,lsf.ar
781277,lujandecuyo.gob.ar
781278,lujanenlinea.com.ar
781363,lusqtoff.com.ar
781424,luxuryyimportados.com.ar
781433,luzdesing.com.ar
781450,lxmayorista.com.ar
781794,magicgirl.com.ar
781798,magiclair.com.ar
781966,maimonidesvirtual.com.ar
782008,maipuusados.com.ar
782100,makorsa.com.ar
782137,maleducadas.com.ar
782214,mamina.com.ar
782418,manpowergroup.com.ar
782523,marathon.com.ar
782757,marzin.com.ar
782787,maseramotos.com.ar
782848,mastecnologia.com.ar
782948,materdigital.com.ar
783000,matriculacolpsiba.com.ar
783080,maxdream.com.ar
783168,mayoristajossefina.com.ar
783169,mayoristaomega.com.ar
783170,mayoristaserma.com.ar
783315,mda.gob.ar
783367,mebac.com.ar
783491,medicinaesencial.com.ar
783569,meducacionsantiago.gob.ar
783681,megamixdistribuidor.com.ar
783712,megasports.com.ar
783873,menosblamasamor.com.ar
783956,merceriadellitoral.com.ar
783958,merceril.com.ar
783975,meridionalnet.com.ar
783996,merlo.gob.ar
784134,metmoda.com.ar
784319,mi8.com.ar
784346,micamsalud.com.ar
784349,micartelera.com.ar
784371,micobertura.com.ar
784455,miituzaingo.gov.ar
784615,minecraftpelicula.com.ar
784639,minianima.com.ar
784714,mins.com.ar
784716,minsegtuc.gov.ar
784745,miportalclinicas.com.ar
784799,mirtaarmesto.com.ar
784882,mistral.com.ar
784884,misturnosmovil.com.ar
785314,modapoint.com.ar
785349,modelo-lomas.edu.ar
785433,mohammadyasociados.ar
785584,mondial.com.ar
785658,moniquearnold.com.ar
785709,montella.com.ar
785712,monterizos.com.ar
785771,morashop.ar
785927,motomel.com.ar
785963,motoroma.com.ar
786005,motozuni.com.ar
786160,mpfsalta.gob.ar
786161,mpftucuman.gob.ar
786329,msaludjujuy.gov.ar
786454,muchaspropiedades.com.ar
786575,mundoascenso.com.ar
786592,mundopsicologos.com.ar
787527,nakiki.com.ar
787668,naremoda.com.ar
787673,narrowjeans.com.ar
787741,natividad.org.ar
787752,natural-life.com.ar
787782,naturgyban.com.ar
787783,naturgysj.com.ar
787959,necy.com.ar
788162,netegia.com.ar
788214,netvideo.com.ar
788226,neumaticoscentenario.com.ar
788290,newera.com.ar
788491,ngfederal.ar
788677,nikon.com.ar
788786,nissiedenim.com.ar
788816,nivea.com.ar
788887,no-brand.com.ar
788926,nodoshoes.com.ar
789021,norauto.com.ar
789074,nortur.ar
789300,nslp.com.ar
789365,nucleoshop.com.ar
789366,nucleusdoc.com.ar
789379,nuevashistorias.com.ar
789509,nuve.ar
789638,obsba.org.ar
789713,octavo-piso.com.ar
789865,oficinavirtualedesal.com.ar
789890,ogjrosario.com.ar
790060,okeefe.com.ar
790072,okeyrosario.com.ar
790141,olalamayoristas.com.ar
790269,omintartcapacitaciones.com.ar
790704,opinandosannicolas.ar
791041,osdepym.com.ar
791042,osep.gob.ar
791076,oslpasteur.com.ar
791084,osmedica.com.ar
791085,osmgp.gov.ar
791099,ospacp.org.ar
791100,ospat.com.ar
791149,otero.com.ar
791320,owoko.com.ar
791591,paii.com.ar
791664,palaciolibertad.gob.ar
791703,palomaclothes.com.ar
791724,pami.ar
791745,panalesonline.com.ar
791747,panalonce.com.ar
791791,pandorabycitygirl.com.ar
792044,parisnight.com.ar
792171,pasionturfistica.com.ar
792231,pasteurmobile.com.ar
792331,paxmanager.com.ar
792569,pedidodirecto.ar
792580,pedraza.com.ar
792597,pegasushis.com.ar
792824,perfumia.com.ar
792828,periclesmayorista.com.ar
792840,perlanegrasrl.com.ar
792866,perramus.com.ar
793018,peugeotavec.com.ar
793019,peugeotstore.com.ar
793248,philco.com.ar
793403,pickit.com.ar
793428,pideweb.com.ar
793459,piero.com.ar
793500,pilar.gov.ar
793614,pintureriasmm.com.ar
793816,planetagrandt.com.ar
793884,plastimac.com.ar
793903,plateavip.com.ar
794176,plusmar.com.ar
794180,pluspet.com.ar
794457,policiamisiones.gob.ar
794462,policonsultoriodelcentro.com.ar
794481,politecnico.ar
795143,preciodolarblue.com.ar
795144,preciosderemedios.com.ar
795226,premiumbaby.com.ar
795376,primeraplana.com.ar
795597,programafines.ar
795654,promoglobos.com.ar
795713,propia.com.ar
795791,providencia.com.ar
795798,provinciafondos.com.ar
795800,provinciamicrocreditos.com.ar
795844,psa.gob.ar
795871,psicofisicos.com.ar
795949,ptn.gob.ar
796110,punto.bet.ar
796113,puntodeportivo.com.ar
796121,pupemoda.com.ar
796130,puraquimica.com.ar
796337,qida.com.ar
796451,quantum.ar
796478,queenmayoristas.com.ar
796532,quierotrabajoya.com.ar
796541,quinielanacional1.com.ar
796730,radioamanecer.com.ar
796733,radiocanal.com.ar
797507,recycledparts.com.ar
797571,redes-sgo.gob.ar
797578,redfish.com.ar
797607,redpanorama.com.ar
797618,redsocialfuva.org.ar
797626,redtulum.gob.ar
797632,reef.com.ar
797669,regciviltucuman.gob.ar
797692,registrocivilctes.gob.ar
797768,reloca.com.ar
797866,rentastucuman.gob.ar
797886,repartosya.com.ar
797995,resultadosonline.ar
798002,resumenpolicial.com.ar
798035,revende.com.ar
798036,revendersagradamadre.com.ar
798058,revistapalermo.com.ar
798060,revistapuerto.com.ar
798282,rimmel.com.ar
798302,ringostore.ar
798338,rioshopdeco.com.ar
798548,rockandfellers.com.ar
798554,rockethard.com.ar
798668,rollermarket.com.ar
798710,romero-jugueteria.com.ar
798747,roomgo.com.ar
798759,ropelato.com.ar
798998,rribaceta.com.ar
799307,rumbahelguera.com.ar
799419,rusty.com.ar
799426,rutatlantica.com.ar
799552,sabadogol.com.ar
799602,sadmardelplata.com.ar
799619,saemsma.com.ar
799623,saetasalta.com.ar
799655,safesa.gob.ar
799697,sagosa.com.ar
799704,saguarobarefoot.com.ar
799926,saludnqn.gob.ar
799928,saludtdf.gob.ar
799937,salveregina.com.ar
799991,samirabijou.com.ar
800004,sampietroweb.com.ar
800014,samsa.com.ar
800073,sanatorioadventista.org.ar
800074,sanatoriocolegiales.com.ar
800076,sanatoriodelamujer.com.ar
800077,sanatorioparque.com.ar
800095,sandramarzzan.com.ar
800107,sanfernando.gob.ar
800114,sanfrancisco.gov.ar
800154,sanjuandedios.org.ar
800165,sanlucas.com.ar
800166,sanluislaciudad.gob.ar
800169,sanmartin.gob.ar
800229,santerialacatedral.com.ar
800414,satcrc.com.ar
800681,scandinavian.com.ar
800895,sdlc.com.ar
800923,seadea.edu.ar
800984,secretariadesalud.com.ar
801086,segundopalo.com.ar
801096,segurosgm.com.ar
801217,semanariodejunin.com.ar
801287,senderosderaza.com.ar
801486,servidoreddis.com.ar
801520,sesop.gov.ar
801665,sexshopmayorista.com.ar
801765,sfpanda.com.ar
802219,shopjanejones.com.ar
802248,shopnatural.ar
802453,sice.gob.ar
802467,sidecreer.com.ar
802471,sidepro.com.ar
802603,sillasdf.com.ar
802637,silvinac.com.ar
802649,simarepuestos.com.ar
802809,singerargentina.com.ar
802903,sisaludevo1.com.ar
802941,sistecon.com.ar
802970,sistemasanantonio.com.ar
802974,sistemasfce.com.ar
802977,sistemaspfa.gob.ar
803040,sixon.com.ar
803259,skyfashion.com.ar
803311,sl24.com.ar
803513,smartbuyglasses.com.ar
803541,smartgym.com.ar
803587,smartycart.com.ar
803592,smata.com.ar
803679,smt.gob.ar
803767,snr.gob.ar
803827,sochic.com.ar
803838,sociallunch.com.ar
804044,solotc.com.ar
804107,somosintegra.com.ar
804109,somosjordan.com.ar
804130,sonder.com.ar
804312,soyestudiante.com.ar
804323,soyunica.com.ar
804745,springwall.com.ar
804760,spse.ar
804986,stamboulian.com.ar
805191,steamcito.com.ar
805316,stmarie.com.ar
805466,striven.com.ar
805598,sublink.com.ar
805607,subte.ar
805640,sudokumania.com.ar
805890,supbienestar.gob.ar
805917,super7.bet.ar
805944,superconectados.ar
805952,superelcondor.com.ar
805996,supermami.com.ar
806007,supermercadosvea.com.ar
806070,suplementoscolo.com.ar
806109,surcipres.com.ar
806113,surely.com.ar
806183,sushipop.com.ar
806203,suterh.org.ar
806219,suvtv.com.ar
806234,suzukimotosarg.com.ar
806374,sweetvictorian.com.ar
807180,tarjetalaanonima.com.ar
807364,tbg.com.ar
807385,tcchaco.gob.ar
807435,tdfclasificados.com.ar
807482,teatromercedessosa.com.ar
807584,tecnofast.com.ar
807921,terras.edu.ar
807976,testdeconducir.com.ar
808739,ticoexpress.com.ar
808760,tiendaford.ar
808764,tiendalosangeles.com.ar
808772,tiendaombu.com.ar
808775,tiendapanini.com.ar
808776,tiendapesce.com.ar
808782,tiendasatchel.com.ar
808798,tiendavelez.com.ar
808919,timeconsultoria.com.ar
808986,tintecno.com.ar
809171,tminversiones.com.ar
809274,todo-sobremi.com.ar
809276,todocolombraro.com.ar
809278,todoenmuebles.com.ar
809280,todohockey.com.ar
809283,todoparachebar.com.ar
809285,todopeluquerias.com.ar
809416,toledodigital.com.ar
809430,tomassa.com.ar
809454,tomy.com.ar
809754,torneosapa.com.ar
809841,totosceramicos.com.ar
809919,toyotacfa.com.ar
809923,toyotaplan.com.ar
810085,tramitesenlinea.com.ar
810086,tramitesonline.org.ar
810088,tramontina.com.ar
810164,trapitos.com.ar
810241,tregar.com.ar
810248,treki.com.ar
810282,trensanmartin.com.ar
810293,treshermanos.com.ar
810436,tropea.com.ar
810718,tublanco.com.ar
810724,tucanwin.bet.ar
810936,tuseguroya.com.ar
811152,tyna.com.ar
811192,u3fweb.com.ar
811216,ualabis.com.ar
811273,ucami.edu.ar
811287,ucfa.org.ar
811304,ucsfvirtual.edu.ar
811354,uepc.org.ar
811774,undec.edu.ar
811829,unica-cartelera.com.ar
811843,unicomoto.com.ar
811943,unistore.com.ar
811999,universofutbol.com.ar
812019,unlc.edu.ar
812095,uomax.com.ar
812117,upacp.org.ar
812412,utedyc.org.ar
812416,uthgraconsultas.org.ar
812684,valerysmayorista.com.ar
812702,vallejocalzados.com.ar
812710,valordolarblue.com.ar
812729,valvinna.com.ar
812748,vandalia.com.ar
812959,vcweb.com.ar
813322,vgs.com.ar
813355,vialibre.ar
813369,viasanosalud.com.ar
813371,viatac.com.ar
813409,victorgemas.com.ar
813416,victorino5083.edu.ar
813654,vintagebsas.com.ar
813864,vistagolf.com.ar
813977,vivasmoda.com.ar
813997,viviendaneuquen.gov.ar
814119,vogeargentina.com.ar
814166,volkswagenplanes.com.ar
814598,waps.com.ar
814798,wd5.com.ar
814831,weakmeak.com.ar
814876,webcorporacion.com.ar
814902,weblavoz.com.ar
814976,wega.com.ar
815006,weland.com.ar
815341,wineobs.com.ar
815671,woopylibreria.com.ar
815710,workmanagement.com.ar
815809,wranglerjeans.com.ar
816471,xplora.com.ar
816763,yamilajoyasmayorista.com.ar
816947,yiqi.com.ar
817248,yuhmak.com.ar
817321,yvera.tur.ar
817498,zaro.ar
817865,zoemoda.com.ar
817886,zombieelectronics.com.ar
819382,pla.com.ar
820824,sumitate.com.ar
821009,paseshow.com.ar
822235,mibenjamin.com.ar
822997,eternacadencia.com.ar
823517,aggo-conicet.gob.ar
823715,cronista.com.ar
824492,udc.edu.ar
826159,ach-internet.com.ar
827273,electoralsalta.gob.ar
827500,cetl.com.ar
828308,trp.com.ar
829046,satworld.com.ar
829503,enre.gov.ar
830071,clarin.com.ar
830879,cahockey.org.ar
831558,aag.org.ar
831618,novonordisk.com.ar
831856,canalc.com.ar
831859,distribuidorapop.com.ar
832724,name.ar
833339,quo.ar
834821,opisantacruz.com.ar
835163,cosefa.com.ar
835411,calamuchitanet.com.ar
835535,iduo.com.ar
836158,zerohost.com.ar
836477,alojaweb.com.ar
837191,coopconesa.com.ar
837414,tuequipomendocino.com.ar
837544,neutrogena.com.ar
839117,santanderconsumer.com.ar
839946,nodonet.com.ar
842143,dmcfull.com.ar
842797,isp-barone.com.ar
843875,ib.edu.ar
844315,axxon.com.ar
845989,findo.com.ar
847431,homify.com.ar
847594,equal.com.ar
848083,neuvoo.com.ar
848499,ctera.org.ar
849391,ceviamonte.com.ar
850696,estadisticaciudad.gob.ar
852123,sysweb.com.ar
852462,adecco.com.ar
852678,tada.com.ar
853240,newellsoldboys.com.ar
853873,indec.gov.ar
854490,ebay.ar
854649,complejojfi.gob.ar
854677,h.net.ar
854687,grupoesat-ns1.com.ar
855375,cscompu.com.ar
855419,insunet.com.ar
855444,weblineservice.com.ar
855671,justiciasanluis.gov.ar
856289,deportes.gob.ar
856318,alpertron.com.ar
857099,expresdiario.com.ar
857393,inap.gob.ar
857601,aotsargentina.org.ar
857733,seekerparking.ar
858170,digitalserver.com.ar
858238,hoydia.com.ar
858826,coop-her.com.ar
859389,amazon.ar
859788,tuxguitar.com.ar
862166,siacepto.ar
863381,cableat.com.ar
864296,oma.org.ar
864634,lacosta.gob.ar
866544,desetech.com.ar
866588,lawww.com.ar
867245,kingagro.com.ar
867289,mivetshop.com.ar
867692,tierradelfuego.org.ar
868068,catamarca.edu.ar
868079,chrono24.com.ar
868210,hellotickets.com.ar
868463,starcomputacion.com.ar
868976,felfort.com.ar
869019,ospjn.gov.ar
869053,tiomusa.com.ar
869148,inase.gob.ar
869152,iugna.edu.ar
869658,interlap.com.ar
870728,mazalosa.com.ar
871120,baleroproducciones.ar
871166,tiendapodium.com.ar
871347,siscomar02.com.ar
873394,vidasilvestre.org.ar
874421,visma.com.ar
874529,fce.com.ar
874664,bblanca.com.ar
875375,yelp.com.ar
875385,conceptoyluz.com.ar
875602,velostar.com.ar
875976,hcdiputados-ba.gov.ar
876598,tudorplace.com.ar
876605,dastelweb.com.ar
877328,coopotamendi.com.ar
877985,trenesargentinos.gob.ar
879921,mjys.com.ar
879958,simplificadc.com.ar
881044,cancilleria.gov.ar
881247,zipnova.com.ar
884505,baehost.com.ar
884533,cybertech.com.ar
887082,bomberomania.com.ar
887358,wunderb.ar
887472,dws2.com.ar
887672,autoblog.com.ar
890893,maximilianoperet.com.ar
891069,freejpg.com.ar
892293,jugandoando.com.ar
892702,axa-asistenciaviaje.com.ar
892717,nbastore.com.ar
897866,websat.com.ar
898260,dominac.com.ar
898442,isol.net.ar
898633,wizhosting.com.ar
899471,upcdigital.net.ar
900408,sendmailing.com.ar
900699,diarioprimeralinea.com.ar
902758,rsv.com.ar
903280,metrovias.com.ar
903865,malvinasargentinas.gob.ar
904638,rapanui.com.ar
904691,siprosa.gob.ar
904935,dermabeauty.com.ar
905772,jsnet.com.ar
906614,edenred.com.ar
908732,biologia.edu.ar
909131,totalsport.com.ar
909785,wisi.com.ar
910313,acpweb.com.ar
910640,altamiragroup.com.ar
910826,apelaez.com.ar
910917,argentinaplay.com.ar
911019,asistiendo.com.ar
911046,atejunin.com.ar
911080,audazmoda.com.ar
911326,bardahl.com.ar
911381,bazaroncemayorista.com.ar
911401,bcyl.com.ar
911945,bristolmedicine.com.ar
911956,bross.com.ar
912001,buhopuntos.com.ar
912099,califcolegios.com.ar
912133,campuscursoshmc.com.ar
912156,capacyt.com.ar
912203,carpoolear.com.ar
912206,carteleraargentina.com.ar
912243,catalogofram.com.ar
912284,celtatsas.com.ar
912335,chango.com.ar
912399,chimola.com.ar
912564,cloudpayroll.com.ar
912590,cober.com.ar
912674,comunidadeduar.com.ar
912714,coophorizonte.com.ar
912721,corekids.com.ar
912732,corplms.com.ar
912739,corrientesplay.ar
912768,cptoficina.com.ar
912787,credimasonline.com.ar
912918,dadvirtual.net.ar
913078,delfinbagues.com.ar
913085,dellacasa.com.ar
913176,dfac.ar
913196,diarioalfil.com.ar
913197,diariosports.com.ar
913265,distritointerior.com.ar
913358,dominiofutbol.com.ar
913532,e-nodos.com.ar
913593,ebenezerva.com.ar
913750,eldiadeescobar.com.ar
913800,elobservador1079.com.ar
913801,elobservadornews.com.ar
913877,enteley22400.org.ar
913880,entrerios.edu.ar
913930,escorial.com.ar
913938,esenciabodyandhome.com.ar
913962,estampado.com.ar
914062,eyelit.com.ar
914125,farmacialaesquina.com.ar
914348,fluogames.com.ar
914363,focade.gob.ar
914409,formulariosgcba.gob.ar
914427,fotorun.com.ar
914429,fototeam.com.ar
914436,fpanamericana.com.ar
914537,fusionbikes.com.ar
914745,gemeloferreteria.com.ar
915147,gunparts.com.ar
915368,heyshop.com.ar
915393,hileret.com.ar
915720,ieserh.com.ar
915723,ifes.edu.ar
915726,ifts12online.com.ar
915807,incasup.edu.ar
915909,intercec.com.ar
915923,invertirenbolsa.com.ar
915939,iosep.gob.ar
915944,ipespaulofreire.edu.ar
915957,iradiologico.com.ar
916035,iucbc.edu.ar
916058,j22.com.ar
916078,jahnisioriginal.com.ar
916737,kitchenaid.com.ar
917029,laamba.ar
917102,lapasion.com.ar
917111,laserenisima.com.ar
917122,laticketera.com.ar
917218,leonmayorista.com.ar
917221,lepencalefactores.com.ar
917249,lg.com.ar
917309,lincolnonline.com.ar
917405,lobosbus.com.ar
917599,lysoform.com.ar
917886,masraraquelapasion.com.ar
917925,matiasherramientas.com.ar
918080,meirgroup.com.ar
918142,metapadel.com.ar
918285,misparrillas.com.ar
918513,moura.com.ar
918543,mpdpjujuy.gob.ar
918830,naranjo.com.ar
918842,nathanhome.com.ar
919072,noganet.ar
919096,nordika.com.ar
919098,normandie.com.ar
919327,ondablanca.com.ar
919470,ospsip.org.ar
919475,osseg.org.ar
919715,pastoraldemusica.org.ar
919792,pehuenche.com.ar
919801,pellacaniweb.com.ar
919821,pereyramayorista.com.ar
919829,perfumistas.com.ar
919938,piccadilly.com.ar
920119,polanola.com.ar
920300,printalot.com.ar
920324,prodermic.com.ar
920381,protrade.com.ar
920428,pumaenergyarg.com.ar
920449,pureza.com.ar
920586,raffintimates.com.ar
920737,redcolon.com.ar
920819,respaldar.com.ar
920866,ricuti.com.ar
920886,rinconweb.com.ar
921052,rufinaoferio.com.ar
921064,runandbike.com.ar
921103,saavedraonline.com.ar
921106,sabrina.com.ar
921216,sanidadsistemas.com.ar
921520,sexshop-othernature.com.ar
921692,sidano.org.ar
921704,sigeva.gob.ar
921787,sisptandil.gob.ar
922383,suministra.com.ar
922486,swaga.com.ar
922695,tecnoimpor.com.ar
922698,tecnotouch.com.ar
922947,ticketear.com.ar
923048,todobebe.com.ar
923140,torneosfapoficial.com.ar
923236,tremix.com.ar
923327,tucson.com.ar
923528,upcnecochea.com.ar
923626,valeryaccesorios.com.ar
923809,villaocamposf.com.ar
923945,vstore.com.ar
924083,welcomeabroad.com.ar
924524,yurine.com.ar
925562,cont.ar
925991,aviamasters.com.ar
926455,defensorba.org.ar
926550,facturacion.com.ar
926735,bonospap.com.ar
926790,viumi.com.ar
927335,argentinaturismo.com.ar
927676,argentina.ar
928454,segu-info.com.ar
929345,redcrearte.org.ar
930616,cienradios.com.ar
931746,msf.org.ar
931906,jumpnetcorp.com.ar
932750,americadigital.com.ar
933181,expoagro.com.ar
933609,dgpc.com.ar
935372,argentinosjuniors.com.ar
935702,wingamer.ar
936437,vialidad.gob.ar
937761,apuestas24.ar
939527,incaa.gob.ar
940007,gretix.com.ar
940389,olavarria.gov.ar
940412,elmejortrato.com.ar
941063,anh.org.ar
941133,newsweek.com.ar
942053,montecristo.org.ar
944728,tgt.net.ar
944854,parroquiasanbenito.com.ar
945854,ipip.com.ar
946527,vedek.com.ar
947823,tucuman.gov.ar
949016,periodicotribuna.com.ar
954107,100seguro.com.ar
954125,jardinjapones.org.ar
954277,cricyt.edu.ar
955906,veterinariasanjuan.com.ar
955996,puntoapunto.com.ar
956177,interfacenet.ar
956595,estudiokroma.ar
956922,talahenen.com.ar
956935,cube.net.ar
957225,cfi.org.ar
957435,arlenefern.edu.ar
958178,pasionaria.com.ar
958187,wamnet.com.ar
958752,belgrano.com.ar
959230,acopiadoresdebahia.com.ar
960397,motosport.com.ar
962110,firestone.com.ar
962567,berazategui.gov.ar
962571,bompie.com.ar
962716,redaccion.com.ar
962990,camarco.org.ar
963226,presidencia.gov.ar
963786,puan.com.ar
964360,geenee.ar
966133,arweave.ar
966459,coospral.com.ar
968221,ahosting.net.ar
969190,midea.com.ar
970130,veintitres.com.ar
970494,wirenetserver.com.ar
970512,tecnologica.com.ar
970558,histarmar.com.ar
971414,amnistia.org.ar
973384,movimientoautentico.com.ar
973549,santafe-conicet.gov.ar
974746,cnp.com.ar
974861,tiendasancorsalud.com.ar
974969,dib.com.ar
975297,globalgetnet.com.ar
975389,veron.com.ar
975490,infinet.com.ar
976044,redcame.org.ar
976756,vallevision.com.ar
977069,pentahost.com.ar
977421,q2creative.com.ar
977593,ezsolutions.com.ar
978193,wnarg.com.ar
979074,sin-patron.com.ar
980019,cohen.com.ar
980297,tucuman.gob.ar
980818,ayres.com.ar
980869,libreopcion.com.ar
980890,openpayargentina.com.ar
982028,vps.net.ar
982484,1winar.ar
982917,na-sa.com.ar
982979,newlevel.com.ar
983709,lapoderosa.org.ar
984280,redpinos.ar
985345,apfdigital.com.ar
985850,sps.com.ar
985902,farn.org.ar
985987,sabado.org.ar
986324,invap.com.ar
987425,proper.com.ar
987534,bancobsf.com.ar
987917,escuelabernardoleiva.edu.ar
988581,banco.com.ar
989630,ipnext.net.ar
990182,skanska.com.ar
990480,adecse.org.ar
992693,jetpaq.com.ar
992698,cba.gob.ar
992859,epicbikes.com.ar
993368,cooplapara.com.ar
994797,iccsi.com.ar
995823,quino.com.ar
996331,inv.gov.ar
996669,belmo.com.ar
997372,agestudio.com.ar
997388,aptus.com.ar
997484,administrador-web.com.ar
999633,huapi.net.ar
